-- MySQL dump 10.13  Distrib 5.7.10, for osx10.9 (x86_64)
--
-- Host: localhost    Database: AFPALdb
-- ------------------------------------------------------
-- Server version	5.7.10

/*!40101 SET @OLD_CHARACTER_SET_CLIENT=@@CHARACTER_SET_CLIENT */;
/*!40101 SET @OLD_CHARACTER_SET_RESULTS=@@CHARACTER_SET_RESULTS */;
/*!40101 SET @OLD_COLLATION_CONNECTION=@@COLLATION_CONNECTION */;
/*!40101 SET NAMES utf8 */;
/*!40103 SET @OLD_TIME_ZONE=@@TIME_ZONE */;
/*!40103 SET TIME_ZONE='+00:00' */;
/*!40014 SET @OLD_UNIQUE_CHECKS=@@UNIQUE_CHECKS, UNIQUE_CHECKS=0 */;
/*!40014 SET @OLD_FOREIGN_KEY_CHECKS=@@FOREIGN_KEY_CHECKS, FOREIGN_KEY_CHECKS=0 */;
/*!40101 SET @OLD_SQL_MODE=@@SQL_MODE, SQL_MODE='NO_AUTO_VALUE_ON_ZERO' */;
/*!40111 SET @OLD_SQL_NOTES=@@SQL_NOTES, SQL_NOTES=0 */;

--
-- Current Database: `AFPALdb`
--

CREATE DATABASE /*!32312 IF NOT EXISTS*/ `AFPALdb` /*!40100 DEFAULT CHARACTER SET latin1 */;

USE `AFPALdb`;

--
-- Table structure for table `Altitude`
--

DROP TABLE IF EXISTS `Altitude`;
/*!40101 SET @saved_cs_client     = @@character_set_client */;
/*!40101 SET character_set_client = utf8 */;
CREATE TABLE `Altitude` (
  `lon` double NOT NULL DEFAULT '0',
  `lat` double NOT NULL DEFAULT '0',
  `Alt` int(11) DEFAULT NULL,
  `sd` int(11) DEFAULT NULL,
  `min` int(11) DEFAULT NULL,
  `max` int(11) DEFAULT NULL,
  PRIMARY KEY (`lon`,`lat`),
  KEY `lo_la_altitude_Index` (`lon`,`lat`)
) ENGINE=MyISAM DEFAULT CHARSET=latin1;
/*!40101 SET character_set_client = @saved_cs_client */;

--
-- Dumping data for table `Altitude`
--

LOCK TABLES `Altitude` WRITE;
/*!40000 ALTER TABLE `Altitude` DISABLE KEYS */;
/*!40000 ALTER TABLE `Altitude` ENABLE KEYS */;
UNLOCK TABLES;

--
-- Table structure for table `Biblio`
--

DROP TABLE IF EXISTS `Biblio`;
/*!40101 SET @saved_cs_client     = @@character_set_client */;
/*!40101 SET character_set_client = utf8 */;
CREATE TABLE `Biblio` (
  `Citation_Key` varchar(70) NOT NULL,
  `Authors` varchar(100) DEFAULT NULL,
  `Journal` varchar(100) DEFAULT NULL,
  `Year` int(4) DEFAULT NULL,
  `Volume` int(4) DEFAULT NULL,
  `Issue` int(4) DEFAULT NULL,
  `Pages` varchar(20) DEFAULT NULL,
  `Title` varchar(400) DEFAULT NULL,
  `DOI` varchar(40) DEFAULT NULL,
  PRIMARY KEY (`Citation_Key`),
  KEY `lo_la_bio_Index` (`Citation_Key`)
) ENGINE=MyISAM DEFAULT CHARSET=latin1;
/*!40101 SET character_set_client = @saved_cs_client */;

--
-- Dumping data for table `Biblio`
--

LOCK TABLES `Biblio` WRITE;
/*!40000 ALTER TABLE `Biblio` DISABLE KEYS */;
/*!40000 ALTER TABLE `Biblio` ENABLE KEYS */;
UNLOCK TABLES;

--
-- Table structure for table `Biome`
--

DROP TABLE IF EXISTS `Biome`;
/*!40101 SET @saved_cs_client     = @@character_set_client */;
/*!40101 SET character_set_client = utf8 */;
CREATE TABLE `Biome` (
  `lon` double NOT NULL DEFAULT '0',
  `lat` double NOT NULL DEFAULT '0',
  `BIOME_ID` int(11) DEFAULT NULL,
  `BIOME` varchar(150) DEFAULT NULL,
  `ECO_ID` int(11) DEFAULT NULL,
  `ECO` varchar(150) DEFAULT NULL,
  `COUNTRY` varchar(150) DEFAULT NULL,
  PRIMARY KEY (`lon`,`lat`),
  KEY `lo_la_tmpr_min_Index` (`lon`,`lat`)
) ENGINE=MyISAM DEFAULT CHARSET=latin1;
/*!40101 SET character_set_client = @saved_cs_client */;

--
-- Dumping data for table `Biome`
--

LOCK TABLES `Biome` WRITE;
/*!40000 ALTER TABLE `Biome` DISABLE KEYS */;
/*!40000 ALTER TABLE `Biome` ENABLE KEYS */;
UNLOCK TABLES;

--
-- Table structure for table `C14`
--

DROP TABLE IF EXISTS `C14`;
/*!40101 SET @saved_cs_client     = @@character_set_client */;
/*!40101 SET character_set_client = utf8 */;
CREATE TABLE `C14` (
  `LabCode` varchar(20) NOT NULL,
  `Site_Name` varchar(30) NOT NULL,
  `Citation_Key` varchar(70) NOT NULL,
  `Age` double NOT NULL,
  `Error` double NOT NULL,
  `Depth` double DEFAULT NULL,
  `Year` int(4) DEFAULT NULL,
  `Material` varchar(50) NOT NULL,
  PRIMARY KEY (`LabCode`),
  KEY `C14_Index` (`LabCode`)
) ENGINE=InnoDB DEFAULT CHARSET=latin1;
/*!40101 SET character_set_client = @saved_cs_client */;

--
-- Dumping data for table `C14`
--

LOCK TABLES `C14` WRITE;
/*!40000 ALTER TABLE `C14` DISABLE KEYS */;
INSERT INTO `C14` VALUES ('BA-22742','SWP-1-5','Chase_etal_2014',1657,35,24.85142574,2012,'bulk hyrax midden'),('BA-22743','SWP-1-5','Chase_etal_2014',3428,28,50.97597779,2012,'bulk hyrax midden'),('UA-19565','SWP-1-5','Chase_etal_2014',410,21,7.587832855,2012,'bulk hyrax midden'),('UB-22744','SWP-1-5','Chase_etal_2014',4973,29,74.09595175,2012,'bulk hyrax midden'),('UB-22745','SWP-1-5','Chase_etal_2014',6216,29,98.99830253,2012,'bulk hyrax midden'),('UBA-1955','SWP-1-55','Chase_etal_2013',410,21,7.587832855,2012,'bulk hyrax midden'),('UBA-19565','SWP-1-5','Chase_etal_2013',410,21,7.587832855,2012,'bulk hyrax midden'),('UBA-224','SWP-1-55','Chase_etal_2013',1657,35,24.85142574,2012,'bulk hyrax midden'),('UBA-2274','SWP-1-55','Chase_etal_2013',4973,29,74.09595175,2012,'bulk hyrax midden'),('UBA-22742','SWP-1-5','Chase_etal_2013',1657,35,24.85142574,2012,'bulk hyrax midden'),('UBA-22743','SWP-1-5','Chase_etal_2013',3428,28,50.97597779,2012,'bulk hyrax midden'),('UBA-22744','SWP-1-5','Chase_etal_2013',4973,29,74.09595175,2012,'bulk hyrax midden'),('UBA-22745','SWP-1-5','Chase_etal_2013',6216,29,98.99830253,2012,'bulk hyrax midden'),('UBA-274','SWP-1-55','Chase_etal_2013',6216,29,98.99830253,2012,'bulk hyrax midden'),('UBA22743','SWP-1-55','Chase_etal_2013',3428,28,50.97597779,2012,'bulk hyrax midden');
/*!40000 ALTER TABLE `C14` ENABLE KEYS */;
UNLOCK TABLES;

--
-- Table structure for table `ChronoC14`
--

DROP TABLE IF EXISTS `ChronoC14`;
/*!40101 SET @saved_cs_client     = @@character_set_client */;
/*!40101 SET character_set_client = utf8 */;
CREATE TABLE `ChronoC14` (
  `Chrono_ID` int(10) NOT NULL,
  `LabCode` varchar(20) NOT NULL,
  PRIMARY KEY (`Chrono_ID`,`LabCode`),
  KEY `ChronoData_Index` (`Chrono_ID`,`LabCode`)
) ENGINE=InnoDB DEFAULT CHARSET=latin1;
/*!40101 SET character_set_client = @saved_cs_client */;

--
-- Dumping data for table `ChronoC14`
--

LOCK TABLES `ChronoC14` WRITE;
/*!40000 ALTER TABLE `ChronoC14` DISABLE KEYS */;
INSERT INTO `ChronoC14` VALUES (0,'UBA-19565'),(0,'UBA-22742'),(0,'UBA-22743'),(0,'UBA-22744'),(0,'UBA-22745'),(1,'UBA-19565'),(1,'UBA-22742'),(1,'UBA-22743'),(1,'UBA-22744'),(1,'UBA-22745'),(2,'UBA-19565'),(2,'UBA-22742'),(2,'UBA-22743'),(2,'UBA-22744'),(2,'UBA-22745'),(3,'UBA-19565'),(3,'UBA-22742'),(3,'UBA-22743'),(3,'UBA-22744'),(3,'UBA-22745'),(4,'UBA-19565'),(4,'UBA-22742'),(4,'UBA-22743'),(4,'UBA-22744'),(4,'UBA-22745'),(5,'UBA-19565'),(5,'UBA-22742'),(5,'UBA-22743'),(5,'UBA-22744'),(5,'UBA-22745'),(6,'UBA-19565'),(6,'UBA-22742'),(6,'UBA-22743'),(6,'UBA-22744'),(6,'UBA-22745'),(7,'UBA-19565'),(7,'UBA-22742'),(7,'UBA-22743'),(7,'UBA-22744'),(7,'UBA-22745'),(8,'UBA-19565'),(8,'UBA-22742'),(8,'UBA-22743'),(8,'UBA-22744'),(8,'UBA-22745');
/*!40000 ALTER TABLE `ChronoC14` ENABLE KEYS */;
UNLOCK TABLES;

--
-- Table structure for table `ChronoData`
--

DROP TABLE IF EXISTS `ChronoData`;
/*!40101 SET @saved_cs_client     = @@character_set_client */;
/*!40101 SET character_set_client = utf8 */;
CREATE TABLE `ChronoData` (
  `Chrono_ID` int(10) NOT NULL,
  `Dataset_ID` int(10) NOT NULL,
  PRIMARY KEY (`Chrono_ID`,`Dataset_ID`),
  KEY `ChronoData_Index` (`Chrono_ID`,`Dataset_ID`)
) ENGINE=InnoDB DEFAULT CHARSET=latin1;
/*!40101 SET character_set_client = @saved_cs_client */;

--
-- Dumping data for table `ChronoData`
--

LOCK TABLES `ChronoData` WRITE;
/*!40000 ALTER TABLE `ChronoData` DISABLE KEYS */;
INSERT INTO `ChronoData` VALUES (0,0),(0,1),(1,0),(1,1),(2,2),(2,3),(3,4),(3,5),(4,4),(4,5),(5,6),(5,7),(6,8),(6,9),(7,8),(7,9),(8,10),(8,11);
/*!40000 ALTER TABLE `ChronoData` ENABLE KEYS */;
UNLOCK TABLES;

--
-- Table structure for table `Chronology`
--

DROP TABLE IF EXISTS `Chronology`;
/*!40101 SET @saved_cs_client     = @@character_set_client */;
/*!40101 SET character_set_client = utf8 */;
CREATE TABLE `Chronology` (
  `Chrono_ID` int(10) NOT NULL,
  `Citation_Key` varchar(70) NOT NULL,
  `Site_Name` varchar(30) NOT NULL,
  `Chrono_Name` varchar(30) NOT NULL,
  `Model` varchar(30) NOT NULL,
  `Digitized` tinyint(1) NOT NULL,
  `Sample` json NOT NULL,
  `Depth` json DEFAULT NULL,
  `Chronology` json NOT NULL,
  `Uncertainties` json DEFAULT NULL,
  `Metadata` json DEFAULT NULL,
  PRIMARY KEY (`Site_Name`,`Citation_Key`,`Chrono_Name`),
  KEY `Chronology_Index` (`Chrono_ID`)
) ENGINE=InnoDB DEFAULT CHARSET=latin1;
/*!40101 SET character_set_client = @saved_cs_client */;

--
-- Dumping data for table `Chronology`
--

LOCK TABLES `Chronology` WRITE;
/*!40000 ALTER TABLE `Chronology` DISABLE KEYS */;
INSERT INTO `Chronology` VALUES (0,'Chase_etal_2013','SWP-1-5','Iso1','Clam',0,'{\"ID\": [\"SWP-1-5-Iso-1\", \"SWP-1-5-Iso-2\", \"SWP-1-5-Iso-3\", \"SWP-1-5-Iso-4\", \"SWP-1-5-Iso-5\", \"SWP-1-5-Iso-6\", \"SWP-1-5-Iso-7\", \"SWP-1-5-Iso-8\", \"SWP-1-5-Iso-9\", \"SWP-1-5-Iso-10\", \"SWP-1-5-Iso-11\", \"SWP-1-5-Iso-12\", \"SWP-1-5-Iso-13\", \"SWP-1-5-Iso-14\", \"SWP-1-5-Iso-15\", \"SWP-1-5-Iso-16\", \"SWP-1-5-Iso-17\", \"SWP-1-5-Iso-18\", \"SWP-1-5-Iso-19\", \"SWP-1-5-Iso-20\", \"SWP-1-5-Iso-21\", \"SWP-1-5-Iso-22\", \"SWP-1-5-Iso-23\", \"SWP-1-5-Iso-24\", \"SWP-1-5-Iso-25\", \"SWP-1-5-Iso-26\", \"SWP-1-5-Iso-27\", \"SWP-1-5-Iso-28\", \"SWP-1-5-Iso-29\", \"SWP-1-5-Iso-30\", \"SWP-1-5-Iso-31\", \"SWP-1-5-Iso-32\", \"SWP-1-5-Iso-33\", \"SWP-1-5-Iso-34\", \"SWP-1-5-Iso-35\", \"SWP-1-5-Iso-36\", \"SWP-1-5-Iso-37\", \"SWP-1-5-Iso-38\", \"SWP-1-5-Iso-39\", \"SWP-1-5-Iso-40\", \"SWP-1-5-Iso-41\", \"SWP-1-5-Iso-42\", \"SWP-1-5-Iso-43\", \"SWP-1-5-Iso-44\", \"SWP-1-5-Iso-45\", \"SWP-1-5-Iso-46\", \"SWP-1-5-Iso-47\", \"SWP-1-5-Iso-48\", \"SWP-1-5-Iso-49\", \"SWP-1-5-Iso-50\", \"SWP-1-5-Iso-51\", \"SWP-1-5-Iso-52\", \"SWP-1-5-Iso-53\", \"SWP-1-5-Iso-54\", \"SWP-1-5-Iso-55\", \"SWP-1-5-Iso-56\", \"SWP-1-5-Iso-57\", \"SWP-1-5-Iso-58\", \"SWP-1-5-Iso-59\", \"SWP-1-5-Iso-60\", \"SWP-1-5-Iso-61\", \"SWP-1-5-Iso-62\", \"SWP-1-5-Iso-63\", \"SWP-1-5-Iso-64\", \"SWP-1-5-Iso-65\", \"SWP-1-5-Iso-66\", \"SWP-1-5-Iso-67\", \"SWP-1-5-Iso-68\", \"SWP-1-5-Iso-69\", \"SWP-1-5-Iso-70\", \"SWP-1-5-Iso-71\", \"SWP-1-5-Iso-72\", \"SWP-1-5-Iso-73\", \"SWP-1-5-Iso-74\", \"SWP-1-5-Iso-75\", \"SWP-1-5-Iso-76\", \"SWP-1-5-Iso-77\", \"SWP-1-5-Iso-78\", \"SWP-1-5-Iso-79\", \"SWP-1-5-Iso-80\", \"SWP-1-5-Iso-81\", \"SWP-1-5-Iso-82\", \"SWP-1-5-Iso-83\", \"SWP-1-5-Iso-84\", \"SWP-1-5-Iso-85\", \"SWP-1-5-Iso-86\", \"SWP-1-5-Iso-87\", \"SWP-1-5-Iso-88\", \"SWP-1-5-Iso-89\", \"SWP-1-5-Iso-90\", \"SWP-1-5-Iso-91\", \"SWP-1-5-Iso-92\", \"SWP-1-5-Iso-93\", \"SWP-1-5-Iso-94\", \"SWP-1-5-Iso-95\", \"SWP-1-5-Iso-96\", \"SWP-1-5-Iso-97\", \"SWP-1-5-Iso-98\", \"SWP-1-5-Iso-99\", \"SWP-1-5-Iso-100\", \"SWP-1-5-Iso-101\", \"SWP-1-5-Iso-102\", \"SWP-1-5-Iso-103\", \"SWP-1-5-Iso-104\", \"SWP-1-5-Iso-105\", \"SWP-1-5-Iso-106\", \"SWP-1-5-Iso-107\", \"SWP-1-5-Iso-108\", \"SWP-1-5-Iso-109\", \"SWP-1-5-Iso-110\", \"SWP-1-5-Iso-111\", \"SWP-1-5-Iso-112\", \"SWP-1-5-Iso-113\", \"SWP-1-5-Iso-114\", \"SWP-1-5-Iso-115\", \"SWP-1-5-Iso-116\", \"SWP-1-5-Iso-117\", \"SWP-1-5-Iso-118\", \"SWP-1-5-Iso-119\", \"SWP-1-5-Iso-120\", \"SWP-1-5-Iso-121\", \"SWP-1-5-Iso-122\", \"SWP-1-5-Iso-123\", \"SWP-1-5-Iso-124\", \"SWP-1-5-Iso-125\", \"SWP-1-5-Iso-126\", \"SWP-1-5-Iso-127\", \"SWP-1-5-Iso-128\", \"SWP-1-5-Iso-129\", \"SWP-1-5-Iso-130\", \"SWP-1-5-Iso-131\", \"SWP-1-5-Iso-132\", \"SWP-1-5-Iso-133\", \"SWP-1-5-Iso-134\", \"SWP-1-5-Iso-135\", \"SWP-1-5-Iso-136\", \"SWP-1-5-Iso-137\", \"SWP-1-5-Iso-138\", \"SWP-1-5-Iso-139\", \"SWP-1-5-Iso-140\", \"SWP-1-5-Iso-141\", \"SWP-1-5-Iso-142\", \"SWP-1-5-Iso-143\", \"SWP-1-5-Iso-144\", \"SWP-1-5-Iso-145\", \"SWP-1-5-Iso-146\", \"SWP-1-5-Iso-147\", \"SWP-1-5-Iso-148\", \"SWP-1-5-Iso-149\", \"SWP-1-5-Iso-150\", \"SWP-1-5-Iso-151\", \"SWP-1-5-Iso-152\", \"SWP-1-5-Iso-153\", \"SWP-1-5-Iso-154\", \"SWP-1-5-Iso-155\", \"SWP-1-5-Iso-156\", \"SWP-1-5-Iso-157\", \"SWP-1-5-Iso-158\", \"SWP-1-5-Iso-159\", \"SWP-1-5-Iso-160\", \"SWP-1-5-Iso-161\", \"SWP-1-5-Iso-162\", \"SWP-1-5-Iso-163\", \"SWP-1-5-Iso-164\", \"SWP-1-5-Iso-165\", \"SWP-1-5-Iso-166\", \"SWP-1-5-Iso-167\", \"SWP-1-5-Iso-168\", \"SWP-1-5-Iso-169\", \"SWP-1-5-Iso-170\", \"SWP-1-5-Iso-171\", \"SWP-1-5-Iso-172\", \"SWP-1-5-Iso-173\", \"SWP-1-5-Iso-174\", \"SWP-1-5-Iso-175\", \"SWP-1-5-Iso-176\", \"SWP-1-5-Iso-177\", \"SWP-1-5-Iso-178\", \"SWP-1-5-Iso-179\", \"SWP-1-5-Iso-180\", \"SWP-1-5-Iso-181\", \"SWP-1-5-Iso-182\", \"SWP-1-5-Iso-183\", \"SWP-1-5-Iso-184\"]}','{\"Depth\": [1.54927561, 2.710891775, 4.93973012, 6.16193138, 7.23135749, 8.60633391, 9.930385285, 10.84703624, 12.12016255, 13.18958866, 14.25901477, 15.32844088, 16.44879204, 17.11081772, 18.18024383, 19.19874489, 20.3700211, 21.38852215, 22.50887331, 23.37459921, 24.95327584, 25.71715164, 27.65230364, 28.36525438, 29.7402308, 30.50410659, 31.98093312, 32.79573396, 34.06886028, 34.98551123, 36.46233776, 37.48083882, 38.75396513, 39.31414071, 40.48541693, 41.19836767, 42.26779377, 43.33721988, 45.06867167, 46.23994789, 47.20752389, 48.17509989, 49.3463761, 50.36487716, 51.33245316, 52.65650453, 53.57315548, 54.9481319, 55.76293275, 56.93420896, 57.79993485, 58.97121107, 59.83693696, 61.36468855, 61.77208897, 63.80909108, 64.47111676, 65.74424308, 67.22106961, 68.54512098, 69.41084688, 70.73489825, 71.70247425, 72.36449994, 73.89225151, 74.50335218, 75.98017868, 76.64220438, 78.16995598, 78.62828143, 80.61435848, 81.17453403, 82.54951048, 83.56801153, 84.48466248, 85.70686378, 86.97999008, 87.89664103, 89.16976733, 90.23919343, 91.35954463, 92.37804563, 93.44747178, 94.46597278, 95.48447388, 96.80852528, 98.08165153, 98.64182718, 100.0677286, 100.8316044, 102.7158314, 103.5306322, 104.9056086, 105.8731846, 106.9935358, 107.8083366, 108.9286878, 109.8962638, 111.3221653, 111.5767905, 113.002692, 113.4100924, 114.7850688, 115.3452444, 116.4655956, 117.2294714, 118.3498225, 119.1646234, 120.4886747, 121.2525506, 122.5766019, 123.2386276, 124.9700794, 125.2756297, 127.3126318, 127.5672571, 129.1968588, 129.7570343, 131.2847859, 132.3542121, 133.7291885, 134.7476895, 136.4791413, 136.9883918, 138.8216937, 139.5346445, 140.8586958, 141.6225717, 142.946623, 143.8123489, 145.0345502, 146.4095266, 147.5298778, 148.4974538, 149.5159548, 150.7890812, 151.9094323, 152.9788584, 154.2519847, 155.474186, 156.3399119, 157.7148883, 158.376914, 159.7518904, 160.5157662, 161.5851923, 162.5527683, 163.6221944, 164.4369953, 165.7610467, 166.5758475, 167.8489738, 168.8674748, 169.936901, 171.1591022, 172.1266782, 173.0433292, 174.5201557, 175.9969822, 176.6080829, 178.0339843, 178.5432349, 179.9691363, 180.580237, 181.9552134, 182.6681642, 184.0431406, 184.7051663, 185.8764425, 186.8949435, 188.0152947, 188.8810206, 190.3578471, 191.1217229, 192.140224, 193.2096501, 193.9735259, 195.1957271, 196.1123781, 197.1818042, 198.0984551, 199.2697314, 200.2373073, 201.4595086]}','{\"Age\": [90.5, 152, 270.3, 341.9, 405.5, 487.1, 564.8, 619.7, 697.1, 762.2, 826.7, 891.7, 962.4, 1004.3, 1072, 1136.6, 1210.3, 1276.3, 1349, 1405.7, 1508.3, 1563, 1702.1, 1752.5, 1849.3, 1904.7, 2013.8, 2073.6, 2166.7, 2232.3, 2362.4, 2453, 2566.8, 2616.5, 2710, 2758.9, 2831.1, 2904.1, 3024.4, 3139.6, 3234.1, 3327.9, 3441.1, 3540.6, 3636.1, 3767.8, 3859.6, 3996.3, 4066.8, 4166.5, 4239.6, 4338.7, 4411.9, 4536.4, 4569.7, 4735, 4788.8, 4902, 5042.8, 5169.3, 5251.6, 5369.9, 5452.7, 5508.9, 5639.8, 5692.8, 5802.1, 5847.4, 5949.9, 5980.3, 6105.3, 6137.1, 6214.2, 6271.7, 6323.2, 6390, 6458.8, 6508.4, 6576.9, 6633.1, 6691.6, 6745.2, 6801.3, 6854.9, 6909.9, 6983.4, 7054, 7085.3, 7165.8, 7208.4, 7315.5, 7361.1, 7437.6, 7485.8, 7540.5, 7580.2, 7634.8, 7681.7, 7750.6, 7763.1, 7832.5, 7852.2, 7918.5, 7945.5, 7999.8, 8037.5, 8092.5, 8132.7, 8196.6, 8233.6, 8298.6, 8331.3, 8417.8, 8430.9, 8520.3, 8531.5, 8601.5, 8625.2, 8679.9, 8717, 8764, 8798.7, 8856.6, 8873.9, 8935.5, 8959.2, 9003.7, 9029.2, 9073.6, 9102.4, 9143, 9186, 9221.2, 9252.9, 9285.9, 9320.8, 9348.3, 9374.6, 9405.4, 9431.3, 9446.9, 9471.4, 9483, 9506.9, 9520.1, 9538.5, 9555.1, 9573.3, 9587.2, 9609.8, 9624.3, 9646.4, 9664.3, 9683.2, 9704.1, 9721.2, 9737.2, 9763.1, 9792.4, 9805.1, 9835, 9845.6, 9875, 9896.7, 9945.7, 9971.1, 10020.4, 10044, 10087.2, 10125.2, 10166.9, 10198.6, 10252, 10279.8, 10316.8, 10356, 10384, 10428.7, 10463.4, 10504.2, 10539.3, 10583.7, 10620.8, 10669.3]}','{\"max\": [373, 392.7, 461, 475.9, 490.8, 626.9, 846.6, 911.5, 1006, 1096.8, 1211.1, 1316.7, 1358.3, 1382.1, 1424.1, 1474, 1539.3, 1553.4, 1568.9, 1589.9, 1681.3, 1735.8, 2010.5, 2144.6, 2411.4, 2495, 2595.2, 2645.6, 2816.4, 2948.6, 3029.5, 3091.1, 3171.1, 3210.6, 3287.4, 3317.3, 3366.4, 3421.5, 3569.6, 3595.3, 3625, 3660, 3728.3, 3801.4, 3847.9, 3955.5, 4117.5, 4445.2, 4506.5, 4624.3, 4750.8, 4931.8, 5075.7, 5183.2, 5207.1, 5359.2, 5432.9, 5516.2, 5567.8, 5631.7, 5679.6, 5748, 5768, 5785.7, 5838.9, 5884.8, 5986.1, 6020.1, 6217.6, 6284.9, 6536.2, 6564.7, 6630.5, 6694, 6773.9, 6850.9, 6896.7, 6928, 7002.7, 7077.5, 7093.5, 7112.6, 7145.6, 7183.6, 7216.5, 7235.3, 7258.1, 7272.2, 7332.5, 7362.9, 7500.8, 7609.3, 7811.6, 7861.1, 7906.5, 7952.4, 8021.4, 8108.9, 8158.8, 8170.1, 8220.8, 8235.1, 8302.4, 8323.2, 8345.9, 8364.2, 8397.7, 8430.4, 8477.9, 8486.1, 8504.8, 8516.3, 8568.3, 8572.8, 8618.3, 8632.9, 8802.4, 8871, 8927.5, 8964.8, 9021.9, 9086.1, 9132.4, 9145.5, 9196.9, 9229.4, 9267.3, 9280.6, 9311.8, 9341.1, 9393.6, 9409, 9425.9, 9447.3, 9471.9, 9497.1, 9515.7, 9534.3, 9581.1, 9624.8, 9638.4, 9670.9, 9688.1, 9734.5, 9752.6, 9768.2, 9785.6, 9813.4, 9834.6, 9861.4, 9875.8, 9901.7, 9926.2, 9953.9, 9975, 9989, 10009.4, 10049.8, 10081.1, 10090.7, 10121.9, 10133.8, 10181.1, 10199.4, 10243.5, 10268.9, 10339.6, 10388.8, 10431, 10465, 10502.7, 10540.2, 10598.4, 10614.7, 10638.9, 10671.9, 10697.9, 10743.1, 10759.8, 10779.8, 10802.6, 10837.2, 10872, 10891.7], \"min\": [-259.4, -173.4, -70.9, 123.3, 280.4, 358, 376.3, 407, 434, 454.4, 472.4, 510, 579.7, 610.2, 658.1, 688.6, 764.1, 922.5, 1084.9, 1204.7, 1361.9, 1426.9, 1483.2, 1493.5, 1507.5, 1540.1, 1600.3, 1627.2, 1659.2, 1677.8, 1846.6, 1924.2, 1996.2, 2027.5, 2102.3, 2152.3, 2214.8, 2268.3, 2361.3, 2623.5, 2814.1, 2949.7, 3081.6, 3218.9, 3434.9, 3610.2, 3662, 3698, 3751.6, 3807.1, 3837.6, 3872.6, 3893.9, 4008.2, 4031.1, 4120.6, 4143.8, 4274.1, 4398.6, 4472.4, 4520.1, 4718.1, 4943.5, 5097.6, 5429.7, 5530.5, 5675, 5721.1, 5762, 5769.9, 5819.2, 5844.2, 5881.3, 5900.5, 5919.6, 5970.8, 6031.9, 6062.9, 6098.9, 6142.3, 6233.9, 6286.2, 6333.2, 6375.7, 6459, 6644.5, 6805.9, 6856.9, 6958.2, 7041.4, 7128.2, 7145.1, 7165.6, 7207.1, 7244.1, 7263.3, 7284.5, 7300.5, 7377.2, 7389, 7434.2, 7446.4, 7478.6, 7507.6, 7597.4, 7638.2, 7686, 7717.9, 7806.3, 7892.3, 8027.7, 8081.6, 8175.1, 8208.3, 8387.5, 8396.4, 8421.1, 8426.2, 8472.3, 8497.6, 8522.6, 8537.2, 8598.2, 8614.3, 8655, 8667.7, 8719.9, 8755.2, 8793.7, 8813.7, 8843.3, 8937.6, 9005.3, 9051.9, 9083.4, 9145, 9202.3, 9233.7, 9251.4, 9267.9, 9281.9, 9299.8, 9307.5, 9320.6, 9334.3, 9354.9, 9371.7, 9382.3, 9392.4, 9418.7, 9437.5, 9459.2, 9472.5, 9484.8, 9519, 9546.3, 9566.7, 9593.7, 9641.3, 9662.4, 9700.5, 9709.7, 9727.3, 9745.5, 9770.7, 9779.7, 9793.9, 9798.9, 9835, 9860.1, 9882.2, 9894.7, 9930.1, 9966, 10001.2, 10029.6, 10051, 10084.1, 10142.6, 10202.6, 10241.6, 10283.1, 10331, 10432], \"null\": [null, null, null, null, null, null, null, null, null, null, null, null, null, null, null, null, null, null, null, null, null, null, null, null, null, null, null, null, null, null, null, null, null, null, null, null, null, null, null, null, null, null, null, null, null, null, null, null, null, null, null, null, null, null, null, null, null, null, null, null, null, null, null, null, null, null, null, null, null, null, null, null, null, null, null, null, null, null, null, null, null, null, null, null, null, null, null, null, null, null, null, null, null, null, null, null, null, null, null, null, null, null, null, null, null, null, null, null, null, null, null, null, null, null, null, null, null, null, null, null, null, null, null, null, null, null, null, null, null, null, null, null, null, null, null, null, null, null, null, null, null, null, null, null, null, null, null, null, null, null, null, null, null, null, null, null, null, null, null, null, null, null, null, null, null, null, null, null, null, null, null, null, null, null, null, null, null, null, null, null, null, null, null, null]}',NULL),(1,'Chase_etal_2013','SWP-1-5','Iso2','Clam',0,'{\"ID\": [\"SWP-1-5-Iso-1\", \"SWP-1-5-Iso-2\", \"SWP-1-5-Iso-3\", \"SWP-1-5-Iso-4\", \"SWP-1-5-Iso-5\", \"SWP-1-5-Iso-6\", \"SWP-1-5-Iso-7\", \"SWP-1-5-Iso-8\", \"SWP-1-5-Iso-9\", \"SWP-1-5-Iso-10\", \"SWP-1-5-Iso-11\", \"SWP-1-5-Iso-12\", \"SWP-1-5-Iso-13\", \"SWP-1-5-Iso-14\", \"SWP-1-5-Iso-15\", \"SWP-1-5-Iso-16\", \"SWP-1-5-Iso-17\", \"SWP-1-5-Iso-18\", \"SWP-1-5-Iso-19\", \"SWP-1-5-Iso-20\", \"SWP-1-5-Iso-21\", \"SWP-1-5-Iso-22\", \"SWP-1-5-Iso-23\", \"SWP-1-5-Iso-24\", \"SWP-1-5-Iso-25\", \"SWP-1-5-Iso-26\", \"SWP-1-5-Iso-27\", \"SWP-1-5-Iso-28\", \"SWP-1-5-Iso-29\", \"SWP-1-5-Iso-30\", \"SWP-1-5-Iso-31\", \"SWP-1-5-Iso-32\", \"SWP-1-5-Iso-33\", \"SWP-1-5-Iso-34\", \"SWP-1-5-Iso-35\", \"SWP-1-5-Iso-36\", \"SWP-1-5-Iso-37\", \"SWP-1-5-Iso-38\", \"SWP-1-5-Iso-39\", \"SWP-1-5-Iso-40\", \"SWP-1-5-Iso-41\", \"SWP-1-5-Iso-42\", \"SWP-1-5-Iso-43\", \"SWP-1-5-Iso-44\", \"SWP-1-5-Iso-45\", \"SWP-1-5-Iso-46\", \"SWP-1-5-Iso-47\", \"SWP-1-5-Iso-48\", \"SWP-1-5-Iso-49\", \"SWP-1-5-Iso-50\", \"SWP-1-5-Iso-51\", \"SWP-1-5-Iso-52\", \"SWP-1-5-Iso-53\", \"SWP-1-5-Iso-54\", \"SWP-1-5-Iso-55\", \"SWP-1-5-Iso-56\", \"SWP-1-5-Iso-57\", \"SWP-1-5-Iso-58\", \"SWP-1-5-Iso-59\", \"SWP-1-5-Iso-60\", \"SWP-1-5-Iso-61\", \"SWP-1-5-Iso-62\", \"SWP-1-5-Iso-63\", \"SWP-1-5-Iso-64\", \"SWP-1-5-Iso-65\", \"SWP-1-5-Iso-66\", \"SWP-1-5-Iso-67\", \"SWP-1-5-Iso-68\", \"SWP-1-5-Iso-69\", \"SWP-1-5-Iso-70\", \"SWP-1-5-Iso-71\", \"SWP-1-5-Iso-72\", \"SWP-1-5-Iso-73\", \"SWP-1-5-Iso-74\", \"SWP-1-5-Iso-75\", \"SWP-1-5-Iso-76\", \"SWP-1-5-Iso-77\", \"SWP-1-5-Iso-78\", \"SWP-1-5-Iso-79\", \"SWP-1-5-Iso-80\", \"SWP-1-5-Iso-81\", \"SWP-1-5-Iso-82\", \"SWP-1-5-Iso-83\", \"SWP-1-5-Iso-84\", \"SWP-1-5-Iso-85\", \"SWP-1-5-Iso-86\", \"SWP-1-5-Iso-87\", \"SWP-1-5-Iso-88\", \"SWP-1-5-Iso-89\", \"SWP-1-5-Iso-90\", \"SWP-1-5-Iso-91\", \"SWP-1-5-Iso-92\", \"SWP-1-5-Iso-93\", \"SWP-1-5-Iso-94\", \"SWP-1-5-Iso-95\", \"SWP-1-5-Iso-96\", \"SWP-1-5-Iso-97\", \"SWP-1-5-Iso-98\", \"SWP-1-5-Iso-99\", \"SWP-1-5-Iso-100\", \"SWP-1-5-Iso-101\", \"SWP-1-5-Iso-102\", \"SWP-1-5-Iso-103\", \"SWP-1-5-Iso-104\", \"SWP-1-5-Iso-105\", \"SWP-1-5-Iso-106\", \"SWP-1-5-Iso-107\", \"SWP-1-5-Iso-108\", \"SWP-1-5-Iso-109\", \"SWP-1-5-Iso-110\", \"SWP-1-5-Iso-111\", \"SWP-1-5-Iso-112\", \"SWP-1-5-Iso-113\", \"SWP-1-5-Iso-114\", \"SWP-1-5-Iso-115\", \"SWP-1-5-Iso-116\", \"SWP-1-5-Iso-117\", \"SWP-1-5-Iso-118\", \"SWP-1-5-Iso-119\", \"SWP-1-5-Iso-120\", \"SWP-1-5-Iso-121\", \"SWP-1-5-Iso-122\", \"SWP-1-5-Iso-123\", \"SWP-1-5-Iso-124\", \"SWP-1-5-Iso-125\", \"SWP-1-5-Iso-126\", \"SWP-1-5-Iso-127\", \"SWP-1-5-Iso-128\", \"SWP-1-5-Iso-129\", \"SWP-1-5-Iso-130\", \"SWP-1-5-Iso-131\", \"SWP-1-5-Iso-132\", \"SWP-1-5-Iso-133\", \"SWP-1-5-Iso-134\", \"SWP-1-5-Iso-135\", \"SWP-1-5-Iso-136\", \"SWP-1-5-Iso-137\", \"SWP-1-5-Iso-138\", \"SWP-1-5-Iso-139\", \"SWP-1-5-Iso-140\", \"SWP-1-5-Iso-141\", \"SWP-1-5-Iso-142\", \"SWP-1-5-Iso-143\", \"SWP-1-5-Iso-144\", \"SWP-1-5-Iso-145\", \"SWP-1-5-Iso-146\", \"SWP-1-5-Iso-147\", \"SWP-1-5-Iso-148\", \"SWP-1-5-Iso-149\", \"SWP-1-5-Iso-150\", \"SWP-1-5-Iso-151\", \"SWP-1-5-Iso-152\", \"SWP-1-5-Iso-153\", \"SWP-1-5-Iso-154\", \"SWP-1-5-Iso-155\", \"SWP-1-5-Iso-156\", \"SWP-1-5-Iso-157\", \"SWP-1-5-Iso-158\", \"SWP-1-5-Iso-159\", \"SWP-1-5-Iso-160\", \"SWP-1-5-Iso-161\", \"SWP-1-5-Iso-162\", \"SWP-1-5-Iso-163\", \"SWP-1-5-Iso-164\", \"SWP-1-5-Iso-165\", \"SWP-1-5-Iso-166\", \"SWP-1-5-Iso-167\", \"SWP-1-5-Iso-168\", \"SWP-1-5-Iso-169\", \"SWP-1-5-Iso-170\", \"SWP-1-5-Iso-171\", \"SWP-1-5-Iso-172\", \"SWP-1-5-Iso-173\", \"SWP-1-5-Iso-174\", \"SWP-1-5-Iso-175\", \"SWP-1-5-Iso-176\", \"SWP-1-5-Iso-177\", \"SWP-1-5-Iso-178\", \"SWP-1-5-Iso-179\", \"SWP-1-5-Iso-180\", \"SWP-1-5-Iso-181\", \"SWP-1-5-Iso-182\", \"SWP-1-5-Iso-183\", \"SWP-1-5-Iso-184\"]}','{\"Depth\": [1.54927561, 2.710891775, 4.93973012, 6.16193138, 7.23135749, 8.60633391, 9.930385285, 10.84703624, 12.12016255, 13.18958866, 14.25901477, 15.32844088, 16.44879204, 17.11081772, 18.18024383, 19.19874489, 20.3700211, 21.38852215, 22.50887331, 23.37459921, 24.95327584, 25.71715164, 27.65230364, 28.36525438, 29.7402308, 30.50410659, 31.98093312, 32.79573396, 34.06886028, 34.98551123, 36.46233776, 37.48083882, 38.75396513, 39.31414071, 40.48541693, 41.19836767, 42.26779377, 43.33721988, 45.06867167, 46.23994789, 47.20752389, 48.17509989, 49.3463761, 50.36487716, 51.33245316, 52.65650453, 53.57315548, 54.9481319, 55.76293275, 56.93420896, 57.79993485, 58.97121107, 59.83693696, 61.36468855, 61.77208897, 63.80909108, 64.47111676, 65.74424308, 67.22106961, 68.54512098, 69.41084688, 70.73489825, 71.70247425, 72.36449994, 73.89225151, 74.50335218, 75.98017868, 76.64220438, 78.16995598, 78.62828143, 80.61435848, 81.17453403, 82.54951048, 83.56801153, 84.48466248, 85.70686378, 86.97999008, 87.89664103, 89.16976733, 90.23919343, 91.35954463, 92.37804563, 93.44747178, 94.46597278, 95.48447388, 96.80852528, 98.08165153, 98.64182718, 100.0677286, 100.8316044, 102.7158314, 103.5306322, 104.9056086, 105.8731846, 106.9935358, 107.8083366, 108.9286878, 109.8962638, 111.3221653, 111.5767905, 113.002692, 113.4100924, 114.7850688, 115.3452444, 116.4655956, 117.2294714, 118.3498225, 119.1646234, 120.4886747, 121.2525506, 122.5766019, 123.2386276, 124.9700794, 125.2756297, 127.3126318, 127.5672571, 129.1968588, 129.7570343, 131.2847859, 132.3542121, 133.7291885, 134.7476895, 136.4791413, 136.9883918, 138.8216937, 139.5346445, 140.8586958, 141.6225717, 142.946623, 143.8123489, 145.0345502, 146.4095266, 147.5298778, 148.4974538, 149.5159548, 150.7890812, 151.9094323, 152.9788584, 154.2519847, 155.474186, 156.3399119, 157.7148883, 158.376914, 159.7518904, 160.5157662, 161.5851923, 162.5527683, 163.6221944, 164.4369953, 165.7610467, 166.5758475, 167.8489738, 168.8674748, 169.936901, 171.1591022, 172.1266782, 173.0433292, 174.5201557, 175.9969822, 176.6080829, 178.0339843, 178.5432349, 179.9691363, 180.580237, 181.9552134, 182.6681642, 184.0431406, 184.7051663, 185.8764425, 186.8949435, 188.0152947, 188.8810206, 190.3578471, 191.1217229, 192.140224, 193.2096501, 193.9735259, 195.1957271, 196.1123781, 197.1818042, 198.0984551, 199.2697314, 200.2373073, 201.4595086]}','{\"Age\": [90.5, 152, 270.3, 341.9, 405.5, 487.1, 564.8, 619.7, 697.1, 762.2, 826.7, 891.7, 962.4, 1004.3, 1072, 1136.6, 1210.3, 1276.3, 1349, 1405.7, 1508.3, 1563, 1702.1, 1752.5, 1849.3, 1904.7, 2013.8, 2073.6, 2166.7, 2232.3, 2362.4, 2453, 2566.8, 2616.5, 2710, 2758.9, 2831.1, 2904.1, 3024.4, 3139.6, 3234.1, 3327.9, 3441.1, 3540.6, 3636.1, 3767.8, 3859.6, 3996.3, 4066.8, 4166.5, 4239.6, 4338.7, 4411.9, 4536.4, 4569.7, 4735, 4788.8, 4902, 5042.8, 5169.3, 5251.6, 5369.9, 5452.7, 5508.9, 5639.8, 5692.8, 5802.1, 5847.4, 5949.9, 5980.3, 6105.3, 6137.1, 6214.2, 6271.7, 6323.2, 6390, 6458.8, 6508.4, 6576.9, 6633.1, 6691.6, 6745.2, 6801.3, 6854.9, 6909.9, 6983.4, 7054, 7085.3, 7165.8, 7208.4, 7315.5, 7361.1, 7437.6, 7485.8, 7540.5, 7580.2, 7634.8, 7681.7, 7750.6, 7763.1, 7832.5, 7852.2, 7918.5, 7945.5, 7999.8, 8037.5, 8092.5, 8132.7, 8196.6, 8233.6, 8298.6, 8331.3, 8417.8, 8430.9, 8520.3, 8531.5, 8601.5, 8625.2, 8679.9, 8717, 8764, 8798.7, 8856.6, 8873.9, 8935.5, 8959.2, 9003.7, 9029.2, 9073.6, 9102.4, 9143, 9186, 9221.2, 9252.9, 9285.9, 9320.8, 9348.3, 9374.6, 9405.4, 9431.3, 9446.9, 9471.4, 9483, 9506.9, 9520.1, 9538.5, 9555.1, 9573.3, 9587.2, 9609.8, 9624.3, 9646.4, 9664.3, 9683.2, 9704.1, 9721.2, 9737.2, 9763.1, 9792.4, 9805.1, 9835, 9845.6, 9875, 9896.7, 9945.7, 9971.1, 10020.4, 10044, 10087.2, 10125.2, 10166.9, 10198.6, 10252, 10279.8, 10316.8, 10356, 10384, 10428.7, 10463.4, 10504.2, 10539.3, 10583.7, 10620.8, 10669.3]}','{\"max\": [373, 392.7, 461, 475.9, 490.8, 626.9, 846.6, 911.5, 1006, 1096.8, 1211.1, 1316.7, 1358.3, 1382.1, 1424.1, 1474, 1539.3, 1553.4, 1568.9, 1589.9, 1681.3, 1735.8, 2010.5, 2144.6, 2411.4, 2495, 2595.2, 2645.6, 2816.4, 2948.6, 3029.5, 3091.1, 3171.1, 3210.6, 3287.4, 3317.3, 3366.4, 3421.5, 3569.6, 3595.3, 3625, 3660, 3728.3, 3801.4, 3847.9, 3955.5, 4117.5, 4445.2, 4506.5, 4624.3, 4750.8, 4931.8, 5075.7, 5183.2, 5207.1, 5359.2, 5432.9, 5516.2, 5567.8, 5631.7, 5679.6, 5748, 5768, 5785.7, 5838.9, 5884.8, 5986.1, 6020.1, 6217.6, 6284.9, 6536.2, 6564.7, 6630.5, 6694, 6773.9, 6850.9, 6896.7, 6928, 7002.7, 7077.5, 7093.5, 7112.6, 7145.6, 7183.6, 7216.5, 7235.3, 7258.1, 7272.2, 7332.5, 7362.9, 7500.8, 7609.3, 7811.6, 7861.1, 7906.5, 7952.4, 8021.4, 8108.9, 8158.8, 8170.1, 8220.8, 8235.1, 8302.4, 8323.2, 8345.9, 8364.2, 8397.7, 8430.4, 8477.9, 8486.1, 8504.8, 8516.3, 8568.3, 8572.8, 8618.3, 8632.9, 8802.4, 8871, 8927.5, 8964.8, 9021.9, 9086.1, 9132.4, 9145.5, 9196.9, 9229.4, 9267.3, 9280.6, 9311.8, 9341.1, 9393.6, 9409, 9425.9, 9447.3, 9471.9, 9497.1, 9515.7, 9534.3, 9581.1, 9624.8, 9638.4, 9670.9, 9688.1, 9734.5, 9752.6, 9768.2, 9785.6, 9813.4, 9834.6, 9861.4, 9875.8, 9901.7, 9926.2, 9953.9, 9975, 9989, 10009.4, 10049.8, 10081.1, 10090.7, 10121.9, 10133.8, 10181.1, 10199.4, 10243.5, 10268.9, 10339.6, 10388.8, 10431, 10465, 10502.7, 10540.2, 10598.4, 10614.7, 10638.9, 10671.9, 10697.9, 10743.1, 10759.8, 10779.8, 10802.6, 10837.2, 10872, 10891.7], \"min\": [-259.4, -173.4, -70.9, 123.3, 280.4, 358, 376.3, 407, 434, 454.4, 472.4, 510, 579.7, 610.2, 658.1, 688.6, 764.1, 922.5, 1084.9, 1204.7, 1361.9, 1426.9, 1483.2, 1493.5, 1507.5, 1540.1, 1600.3, 1627.2, 1659.2, 1677.8, 1846.6, 1924.2, 1996.2, 2027.5, 2102.3, 2152.3, 2214.8, 2268.3, 2361.3, 2623.5, 2814.1, 2949.7, 3081.6, 3218.9, 3434.9, 3610.2, 3662, 3698, 3751.6, 3807.1, 3837.6, 3872.6, 3893.9, 4008.2, 4031.1, 4120.6, 4143.8, 4274.1, 4398.6, 4472.4, 4520.1, 4718.1, 4943.5, 5097.6, 5429.7, 5530.5, 5675, 5721.1, 5762, 5769.9, 5819.2, 5844.2, 5881.3, 5900.5, 5919.6, 5970.8, 6031.9, 6062.9, 6098.9, 6142.3, 6233.9, 6286.2, 6333.2, 6375.7, 6459, 6644.5, 6805.9, 6856.9, 6958.2, 7041.4, 7128.2, 7145.1, 7165.6, 7207.1, 7244.1, 7263.3, 7284.5, 7300.5, 7377.2, 7389, 7434.2, 7446.4, 7478.6, 7507.6, 7597.4, 7638.2, 7686, 7717.9, 7806.3, 7892.3, 8027.7, 8081.6, 8175.1, 8208.3, 8387.5, 8396.4, 8421.1, 8426.2, 8472.3, 8497.6, 8522.6, 8537.2, 8598.2, 8614.3, 8655, 8667.7, 8719.9, 8755.2, 8793.7, 8813.7, 8843.3, 8937.6, 9005.3, 9051.9, 9083.4, 9145, 9202.3, 9233.7, 9251.4, 9267.9, 9281.9, 9299.8, 9307.5, 9320.6, 9334.3, 9354.9, 9371.7, 9382.3, 9392.4, 9418.7, 9437.5, 9459.2, 9472.5, 9484.8, 9519, 9546.3, 9566.7, 9593.7, 9641.3, 9662.4, 9700.5, 9709.7, 9727.3, 9745.5, 9770.7, 9779.7, 9793.9, 9798.9, 9835, 9860.1, 9882.2, 9894.7, 9930.1, 9966, 10001.2, 10029.6, 10051, 10084.1, 10142.6, 10202.6, 10241.6, 10283.1, 10331, 10432], \"null\": [null, null, null, null, null, null, null, null, null, null, null, null, null, null, null, null, null, null, null, null, null, null, null, null, null, null, null, null, null, null, null, null, null, null, null, null, null, null, null, null, null, null, null, null, null, null, null, null, null, null, null, null, null, null, null, null, null, null, null, null, null, null, null, null, null, null, null, null, null, null, null, null, null, null, null, null, null, null, null, null, null, null, null, null, null, null, null, null, null, null, null, null, null, null, null, null, null, null, null, null, null, null, null, null, null, null, null, null, null, null, null, null, null, null, null, null, null, null, null, null, null, null, null, null, null, null, null, null, null, null, null, null, null, null, null, null, null, null, null, null, null, null, null, null, null, null, null, null, null, null, null, null, null, null, null, null, null, null, null, null, null, null, null, null, null, null, null, null, null, null, null, null, null, null, null, null, null, null, null, null, null, null, null, null]}',NULL),(2,'Chase_etal_2013','SWP-1-5','Pol1','Clam',0,'{\"ID\": [\"SWP-1-5-P-1\", \"SWP-1-5-P-2\", \"SWP-1-5-P-3\", \"SWP-1-5-P-4\", \"SWP-1-5-P-5\", \"SWP-1-5-P-6\", \"SWP-1-5-P-7\", \"SWP-1-5-P-8\", \"SWP-1-5-P-9\", \"SWP-1-5-P-10\", \"SWP-1-5-P-11\", \"SWP-1-5-P-12\", \"SWP-1-5-P-13\", \"SWP-1-5-P-14\", \"SWP-1-5-P-15\", \"SWP-1-5-P-16\", \"SWP-1-5-P-17\", \"SWP-1-5-P-18\", \"SWP-1-5-P-19\", \"SWP-1-5-P-20\", \"SWP-1-5-P-21\", \"SWP-1-5-P-22\", \"SWP-1-5-P-23\", \"SWP-1-5-P-24\", \"SWP-1-5-P-25\", \"SWP-1-5-P-26\", \"SWP-1-5-P-27\", \"SWP-1-5-P-28\", \"SWP-1-5-P-29\", \"SWP-1-5-P-30\", \"SWP-1-5-P-31\", \"SWP-1-5-P-32\", \"SWP-1-5-P-33\", \"SWP-1-5-P-34\", \"SWP-1-5-P-35\", \"SWP-1-5-P-36\", \"SWP-1-5-P-37\", \"SWP-1-5-P-38\", \"SWP-1-5-P-39\", \"SWP-1-5-P-40\", \"SWP-1-5-P-41\", \"SWP-1-5-P-42\", \"SWP-1-5-P-43\", \"SWP-1-5-P-44\", \"SWP-1-5-P-45\"]}','{\"Depth\": [9.87946023, 13.24051371, 17.16174278, 20.98112173, 25.25882616, 29.02728006, 33.45775965, 37.93916429, 42.62426914, 47.30937399, 51.89262874, 56.7814338, 60.80451297, 65.03129234, 69.8182473, 74.40150204, 78.42458123, 82.04025998, 85.85963893, 89.52624268, 93.90579728, 98.48905198, 103.1232318, 107.0953859, 110.6601396, 114.7850689, 119.2155484, 123.646028, 127.6691072, 132.5069872, 136.9883919, 140.960546, 145.1873253, 149.66873, 154.2519847, 158.8352394, 163.8258946, 168.1545241, 172.7887039, 176.8117831, 180.9876374, 185.3671919, 189.5939713, 194.2790762, 199.0151061]}','{\"Age\": [566.9, 777.6, 1011.1, 1238.6, 1524.1, 1865.2, 2209.5, 2587.7, 2980.3, 3334.5, 3694.5, 4118.9, 4480.6, 4878.5, 5238, 5679, 5962.8, 6176.1, 6389.3, 6605.5, 6839.4, 7079.7, 7336.2, 7548.7, 7729.1, 7933.5, 8140.6, 8356.4, 8532, 8713.4, 8864.4, 8996.4, 9139.6, 9288.1, 9405.8, 9489.7, 9577, 9651.6, 9729, 9806.4, 9913.9, 10072.2, 10226.4, 10399.2, 10578.7]}','{\"max\": [819.3, 1108.6, 1377.5, 1525.9, 1691.3, 2398.9, 2837.4, 3154, 3463.9, 3647.6, 3870.5, 4560, 5174.7, 5503.8, 5724.9, 5868.1, 6275.8, 6615.7, 6839.7, 7016.1, 7146.4, 7276.1, 7541.6, 7887.7, 8157.9, 8306, 8433.5, 8528.5, 8641.1, 8961, 9147.6, 9262.3, 9381, 9476.6, 9585.7, 9701.2, 9819.4, 9915.9, 10011.7, 10089.7, 10205.3, 10437.3, 10570.2, 10715.1, 10836.6], \"min\": [374.6, 497.7, 665.2, 912.4, 1396, 1510.9, 1674.5, 2000.7, 2387.8, 2885.6, 3548.1, 3772.8, 3945.2, 4156.8, 4506.4, 5501.9, 5761.5, 5858.6, 5987.4, 6128.6, 6443.7, 6860.5, 7146.5, 7263, 7368.3, 7509.2, 7749.7, 8123.8, 8397.1, 8494.1, 8609.4, 8716.5, 8847.1, 9073.9, 9255, 9308.6, 9385.5, 9462.8, 9552.9, 9663.9, 9753.2, 9813, 9905.2, 10071.5, 10294.1], \"null\": [null, null, null, null, null, null, null, null, null, null, null, null, null, null, null, null, null, null, null, null, null, null, null, null, null, null, null, null, null, null, null, null, null, null, null, null, null, null, null, null, null, null, null, null, null]}',NULL),(6,'Chase_etal_2014','SWP-1-5','Iso1','Clam',0,'{\"ID\": [\"SWP-1-5-Iso-1\", \"SWP-1-5-Iso-2\", \"SWP-1-5-Iso-3\", \"SWP-1-5-Iso-4\", \"SWP-1-5-Iso-5\", \"SWP-1-5-Iso-6\", \"SWP-1-5-Iso-7\", \"SWP-1-5-Iso-8\", \"SWP-1-5-Iso-9\", \"SWP-1-5-Iso-10\", \"SWP-1-5-Iso-11\", \"SWP-1-5-Iso-12\", \"SWP-1-5-Iso-13\", \"SWP-1-5-Iso-14\", \"SWP-1-5-Iso-15\", \"SWP-1-5-Iso-16\", \"SWP-1-5-Iso-17\", \"SWP-1-5-Iso-18\", \"SWP-1-5-Iso-19\", \"SWP-1-5-Iso-20\", \"SWP-1-5-Iso-21\", \"SWP-1-5-Iso-22\", \"SWP-1-5-Iso-23\", \"SWP-1-5-Iso-24\", \"SWP-1-5-Iso-25\", \"SWP-1-5-Iso-26\", \"SWP-1-5-Iso-27\", \"SWP-1-5-Iso-28\", \"SWP-1-5-Iso-29\", \"SWP-1-5-Iso-30\", \"SWP-1-5-Iso-31\", \"SWP-1-5-Iso-32\", \"SWP-1-5-Iso-33\", \"SWP-1-5-Iso-34\", \"SWP-1-5-Iso-35\", \"SWP-1-5-Iso-36\", \"SWP-1-5-Iso-37\", \"SWP-1-5-Iso-38\", \"SWP-1-5-Iso-39\", \"SWP-1-5-Iso-40\", \"SWP-1-5-Iso-41\", \"SWP-1-5-Iso-42\", \"SWP-1-5-Iso-43\", \"SWP-1-5-Iso-44\", \"SWP-1-5-Iso-45\", \"SWP-1-5-Iso-46\", \"SWP-1-5-Iso-47\", \"SWP-1-5-Iso-48\", \"SWP-1-5-Iso-49\", \"SWP-1-5-Iso-50\", \"SWP-1-5-Iso-51\", \"SWP-1-5-Iso-52\", \"SWP-1-5-Iso-53\", \"SWP-1-5-Iso-54\", \"SWP-1-5-Iso-55\", \"SWP-1-5-Iso-56\", \"SWP-1-5-Iso-57\", \"SWP-1-5-Iso-58\", \"SWP-1-5-Iso-59\", \"SWP-1-5-Iso-60\", \"SWP-1-5-Iso-61\", \"SWP-1-5-Iso-62\", \"SWP-1-5-Iso-63\", \"SWP-1-5-Iso-64\", \"SWP-1-5-Iso-65\", \"SWP-1-5-Iso-66\", \"SWP-1-5-Iso-67\", \"SWP-1-5-Iso-68\", \"SWP-1-5-Iso-69\", \"SWP-1-5-Iso-70\", \"SWP-1-5-Iso-71\", \"SWP-1-5-Iso-72\", \"SWP-1-5-Iso-73\", \"SWP-1-5-Iso-74\", \"SWP-1-5-Iso-75\", \"SWP-1-5-Iso-76\", \"SWP-1-5-Iso-77\", \"SWP-1-5-Iso-78\", \"SWP-1-5-Iso-79\", \"SWP-1-5-Iso-80\", \"SWP-1-5-Iso-81\", \"SWP-1-5-Iso-82\", \"SWP-1-5-Iso-83\", \"SWP-1-5-Iso-84\", \"SWP-1-5-Iso-85\", \"SWP-1-5-Iso-86\", \"SWP-1-5-Iso-87\", \"SWP-1-5-Iso-88\", \"SWP-1-5-Iso-89\", \"SWP-1-5-Iso-90\", \"SWP-1-5-Iso-91\", \"SWP-1-5-Iso-92\", \"SWP-1-5-Iso-93\", \"SWP-1-5-Iso-94\", \"SWP-1-5-Iso-95\", \"SWP-1-5-Iso-96\", \"SWP-1-5-Iso-97\", \"SWP-1-5-Iso-98\", \"SWP-1-5-Iso-99\", \"SWP-1-5-Iso-100\", \"SWP-1-5-Iso-101\", \"SWP-1-5-Iso-102\", \"SWP-1-5-Iso-103\", \"SWP-1-5-Iso-104\", \"SWP-1-5-Iso-105\", \"SWP-1-5-Iso-106\", \"SWP-1-5-Iso-107\", \"SWP-1-5-Iso-108\", \"SWP-1-5-Iso-109\", \"SWP-1-5-Iso-110\", \"SWP-1-5-Iso-111\", \"SWP-1-5-Iso-112\", \"SWP-1-5-Iso-113\", \"SWP-1-5-Iso-114\", \"SWP-1-5-Iso-115\", \"SWP-1-5-Iso-116\", \"SWP-1-5-Iso-117\", \"SWP-1-5-Iso-118\", \"SWP-1-5-Iso-119\", \"SWP-1-5-Iso-120\", \"SWP-1-5-Iso-121\", \"SWP-1-5-Iso-122\", \"SWP-1-5-Iso-123\", \"SWP-1-5-Iso-124\", \"SWP-1-5-Iso-125\", \"SWP-1-5-Iso-126\", \"SWP-1-5-Iso-127\", \"SWP-1-5-Iso-128\", \"SWP-1-5-Iso-129\", \"SWP-1-5-Iso-130\", \"SWP-1-5-Iso-131\", \"SWP-1-5-Iso-132\", \"SWP-1-5-Iso-133\", \"SWP-1-5-Iso-134\", \"SWP-1-5-Iso-135\", \"SWP-1-5-Iso-136\", \"SWP-1-5-Iso-137\", \"SWP-1-5-Iso-138\", \"SWP-1-5-Iso-139\", \"SWP-1-5-Iso-140\", \"SWP-1-5-Iso-141\", \"SWP-1-5-Iso-142\", \"SWP-1-5-Iso-143\", \"SWP-1-5-Iso-144\", \"SWP-1-5-Iso-145\", \"SWP-1-5-Iso-146\", \"SWP-1-5-Iso-147\", \"SWP-1-5-Iso-148\", \"SWP-1-5-Iso-149\", \"SWP-1-5-Iso-150\", \"SWP-1-5-Iso-151\", \"SWP-1-5-Iso-152\", \"SWP-1-5-Iso-153\", \"SWP-1-5-Iso-154\", \"SWP-1-5-Iso-155\", \"SWP-1-5-Iso-156\", \"SWP-1-5-Iso-157\", \"SWP-1-5-Iso-158\", \"SWP-1-5-Iso-159\", \"SWP-1-5-Iso-160\", \"SWP-1-5-Iso-161\", \"SWP-1-5-Iso-162\", \"SWP-1-5-Iso-163\", \"SWP-1-5-Iso-164\", \"SWP-1-5-Iso-165\", \"SWP-1-5-Iso-166\", \"SWP-1-5-Iso-167\", \"SWP-1-5-Iso-168\", \"SWP-1-5-Iso-169\", \"SWP-1-5-Iso-170\", \"SWP-1-5-Iso-171\", \"SWP-1-5-Iso-172\", \"SWP-1-5-Iso-173\", \"SWP-1-5-Iso-174\", \"SWP-1-5-Iso-175\", \"SWP-1-5-Iso-176\", \"SWP-1-5-Iso-177\", \"SWP-1-5-Iso-178\", \"SWP-1-5-Iso-179\", \"SWP-1-5-Iso-180\", \"SWP-1-5-Iso-181\", \"SWP-1-5-Iso-182\", \"SWP-1-5-Iso-183\", \"SWP-1-5-Iso-184\"]}','{\"Depth\": [1.54927561, 2.710891775, 4.93973012, 6.16193138, 7.23135749, 8.60633391, 9.930385285, 10.84703624, 12.12016255, 13.18958866, 14.25901477, 15.32844088, 16.44879204, 17.11081772, 18.18024383, 19.19874489, 20.3700211, 21.38852215, 22.50887331, 23.37459921, 24.95327584, 25.71715164, 27.65230364, 28.36525438, 29.7402308, 30.50410659, 31.98093312, 32.79573396, 34.06886028, 34.98551123, 36.46233776, 37.48083882, 38.75396513, 39.31414071, 40.48541693, 41.19836767, 42.26779377, 43.33721988, 45.06867167, 46.23994789, 47.20752389, 48.17509989, 49.3463761, 50.36487716, 51.33245316, 52.65650453, 53.57315548, 54.9481319, 55.76293275, 56.93420896, 57.79993485, 58.97121107, 59.83693696, 61.36468855, 61.77208897, 63.80909108, 64.47111676, 65.74424308, 67.22106961, 68.54512098, 69.41084688, 70.73489825, 71.70247425, 72.36449994, 73.89225151, 74.50335218, 75.98017868, 76.64220438, 78.16995598, 78.62828143, 80.61435848, 81.17453403, 82.54951048, 83.56801153, 84.48466248, 85.70686378, 86.97999008, 87.89664103, 89.16976733, 90.23919343, 91.35954463, 92.37804563, 93.44747178, 94.46597278, 95.48447388, 96.80852528, 98.08165153, 98.64182718, 100.0677286, 100.8316044, 102.7158314, 103.5306322, 104.9056086, 105.8731846, 106.9935358, 107.8083366, 108.9286878, 109.8962638, 111.3221653, 111.5767905, 113.002692, 113.4100924, 114.7850688, 115.3452444, 116.4655956, 117.2294714, 118.3498225, 119.1646234, 120.4886747, 121.2525506, 122.5766019, 123.2386276, 124.9700794, 125.2756297, 127.3126318, 127.5672571, 129.1968588, 129.7570343, 131.2847859, 132.3542121, 133.7291885, 134.7476895, 136.4791413, 136.9883918, 138.8216937, 139.5346445, 140.8586958, 141.6225717, 142.946623, 143.8123489, 145.0345502, 146.4095266, 147.5298778, 148.4974538, 149.5159548, 150.7890812, 151.9094323, 152.9788584, 154.2519847, 155.474186, 156.3399119, 157.7148883, 158.376914, 159.7518904, 160.5157662, 161.5851923, 162.5527683, 163.6221944, 164.4369953, 165.7610467, 166.5758475, 167.8489738, 168.8674748, 169.936901, 171.1591022, 172.1266782, 173.0433292, 174.5201557, 175.9969822, 176.6080829, 178.0339843, 178.5432349, 179.9691363, 180.580237, 181.9552134, 182.6681642, 184.0431406, 184.7051663, 185.8764425, 186.8949435, 188.0152947, 188.8810206, 190.3578471, 191.1217229, 192.140224, 193.2096501, 193.9735259, 195.1957271, 196.1123781, 197.1818042, 198.0984551, 199.2697314, 200.2373073, 201.4595086]}','{\"Age\": [90.5, 152, 270.3, 341.9, 405.5, 487.1, 564.8, 619.7, 697.1, 762.2, 826.7, 891.7, 962.4, 1004.3, 1072, 1136.6, 1210.3, 1276.3, 1349, 1405.7, 1508.3, 1563, 1702.1, 1752.5, 1849.3, 1904.7, 2013.8, 2073.6, 2166.7, 2232.3, 2362.4, 2453, 2566.8, 2616.5, 2710, 2758.9, 2831.1, 2904.1, 3024.4, 3139.6, 3234.1, 3327.9, 3441.1, 3540.6, 3636.1, 3767.8, 3859.6, 3996.3, 4066.8, 4166.5, 4239.6, 4338.7, 4411.9, 4536.4, 4569.7, 4735, 4788.8, 4902, 5042.8, 5169.3, 5251.6, 5369.9, 5452.7, 5508.9, 5639.8, 5692.8, 5802.1, 5847.4, 5949.9, 5980.3, 6105.3, 6137.1, 6214.2, 6271.7, 6323.2, 6390, 6458.8, 6508.4, 6576.9, 6633.1, 6691.6, 6745.2, 6801.3, 6854.9, 6909.9, 6983.4, 7054, 7085.3, 7165.8, 7208.4, 7315.5, 7361.1, 7437.6, 7485.8, 7540.5, 7580.2, 7634.8, 7681.7, 7750.6, 7763.1, 7832.5, 7852.2, 7918.5, 7945.5, 7999.8, 8037.5, 8092.5, 8132.7, 8196.6, 8233.6, 8298.6, 8331.3, 8417.8, 8430.9, 8520.3, 8531.5, 8601.5, 8625.2, 8679.9, 8717, 8764, 8798.7, 8856.6, 8873.9, 8935.5, 8959.2, 9003.7, 9029.2, 9073.6, 9102.4, 9143, 9186, 9221.2, 9252.9, 9285.9, 9320.8, 9348.3, 9374.6, 9405.4, 9431.3, 9446.9, 9471.4, 9483, 9506.9, 9520.1, 9538.5, 9555.1, 9573.3, 9587.2, 9609.8, 9624.3, 9646.4, 9664.3, 9683.2, 9704.1, 9721.2, 9737.2, 9763.1, 9792.4, 9805.1, 9835, 9845.6, 9875, 9896.7, 9945.7, 9971.1, 10020.4, 10044, 10087.2, 10125.2, 10166.9, 10198.6, 10252, 10279.8, 10316.8, 10356, 10384, 10428.7, 10463.4, 10504.2, 10539.3, 10583.7, 10620.8, 10669.3]}','{\"max\": [373, 392.7, 461, 475.9, 490.8, 626.9, 846.6, 911.5, 1006, 1096.8, 1211.1, 1316.7, 1358.3, 1382.1, 1424.1, 1474, 1539.3, 1553.4, 1568.9, 1589.9, 1681.3, 1735.8, 2010.5, 2144.6, 2411.4, 2495, 2595.2, 2645.6, 2816.4, 2948.6, 3029.5, 3091.1, 3171.1, 3210.6, 3287.4, 3317.3, 3366.4, 3421.5, 3569.6, 3595.3, 3625, 3660, 3728.3, 3801.4, 3847.9, 3955.5, 4117.5, 4445.2, 4506.5, 4624.3, 4750.8, 4931.8, 5075.7, 5183.2, 5207.1, 5359.2, 5432.9, 5516.2, 5567.8, 5631.7, 5679.6, 5748, 5768, 5785.7, 5838.9, 5884.8, 5986.1, 6020.1, 6217.6, 6284.9, 6536.2, 6564.7, 6630.5, 6694, 6773.9, 6850.9, 6896.7, 6928, 7002.7, 7077.5, 7093.5, 7112.6, 7145.6, 7183.6, 7216.5, 7235.3, 7258.1, 7272.2, 7332.5, 7362.9, 7500.8, 7609.3, 7811.6, 7861.1, 7906.5, 7952.4, 8021.4, 8108.9, 8158.8, 8170.1, 8220.8, 8235.1, 8302.4, 8323.2, 8345.9, 8364.2, 8397.7, 8430.4, 8477.9, 8486.1, 8504.8, 8516.3, 8568.3, 8572.8, 8618.3, 8632.9, 8802.4, 8871, 8927.5, 8964.8, 9021.9, 9086.1, 9132.4, 9145.5, 9196.9, 9229.4, 9267.3, 9280.6, 9311.8, 9341.1, 9393.6, 9409, 9425.9, 9447.3, 9471.9, 9497.1, 9515.7, 9534.3, 9581.1, 9624.8, 9638.4, 9670.9, 9688.1, 9734.5, 9752.6, 9768.2, 9785.6, 9813.4, 9834.6, 9861.4, 9875.8, 9901.7, 9926.2, 9953.9, 9975, 9989, 10009.4, 10049.8, 10081.1, 10090.7, 10121.9, 10133.8, 10181.1, 10199.4, 10243.5, 10268.9, 10339.6, 10388.8, 10431, 10465, 10502.7, 10540.2, 10598.4, 10614.7, 10638.9, 10671.9, 10697.9, 10743.1, 10759.8, 10779.8, 10802.6, 10837.2, 10872, 10891.7], \"min\": [-259.4, -173.4, -70.9, 123.3, 280.4, 358, 376.3, 407, 434, 454.4, 472.4, 510, 579.7, 610.2, 658.1, 688.6, 764.1, 922.5, 1084.9, 1204.7, 1361.9, 1426.9, 1483.2, 1493.5, 1507.5, 1540.1, 1600.3, 1627.2, 1659.2, 1677.8, 1846.6, 1924.2, 1996.2, 2027.5, 2102.3, 2152.3, 2214.8, 2268.3, 2361.3, 2623.5, 2814.1, 2949.7, 3081.6, 3218.9, 3434.9, 3610.2, 3662, 3698, 3751.6, 3807.1, 3837.6, 3872.6, 3893.9, 4008.2, 4031.1, 4120.6, 4143.8, 4274.1, 4398.6, 4472.4, 4520.1, 4718.1, 4943.5, 5097.6, 5429.7, 5530.5, 5675, 5721.1, 5762, 5769.9, 5819.2, 5844.2, 5881.3, 5900.5, 5919.6, 5970.8, 6031.9, 6062.9, 6098.9, 6142.3, 6233.9, 6286.2, 6333.2, 6375.7, 6459, 6644.5, 6805.9, 6856.9, 6958.2, 7041.4, 7128.2, 7145.1, 7165.6, 7207.1, 7244.1, 7263.3, 7284.5, 7300.5, 7377.2, 7389, 7434.2, 7446.4, 7478.6, 7507.6, 7597.4, 7638.2, 7686, 7717.9, 7806.3, 7892.3, 8027.7, 8081.6, 8175.1, 8208.3, 8387.5, 8396.4, 8421.1, 8426.2, 8472.3, 8497.6, 8522.6, 8537.2, 8598.2, 8614.3, 8655, 8667.7, 8719.9, 8755.2, 8793.7, 8813.7, 8843.3, 8937.6, 9005.3, 9051.9, 9083.4, 9145, 9202.3, 9233.7, 9251.4, 9267.9, 9281.9, 9299.8, 9307.5, 9320.6, 9334.3, 9354.9, 9371.7, 9382.3, 9392.4, 9418.7, 9437.5, 9459.2, 9472.5, 9484.8, 9519, 9546.3, 9566.7, 9593.7, 9641.3, 9662.4, 9700.5, 9709.7, 9727.3, 9745.5, 9770.7, 9779.7, 9793.9, 9798.9, 9835, 9860.1, 9882.2, 9894.7, 9930.1, 9966, 10001.2, 10029.6, 10051, 10084.1, 10142.6, 10202.6, 10241.6, 10283.1, 10331, 10432], \"null\": [null, null, null, null, null, null, null, null, null, null, null, null, null, null, null, null, null, null, null, null, null, null, null, null, null, null, null, null, null, null, null, null, null, null, null, null, null, null, null, null, null, null, null, null, null, null, null, null, null, null, null, null, null, null, null, null, null, null, null, null, null, null, null, null, null, null, null, null, null, null, null, null, null, null, null, null, null, null, null, null, null, null, null, null, null, null, null, null, null, null, null, null, null, null, null, null, null, null, null, null, null, null, null, null, null, null, null, null, null, null, null, null, null, null, null, null, null, null, null, null, null, null, null, null, null, null, null, null, null, null, null, null, null, null, null, null, null, null, null, null, null, null, null, null, null, null, null, null, null, null, null, null, null, null, null, null, null, null, null, null, null, null, null, null, null, null, null, null, null, null, null, null, null, null, null, null, null, null, null, null, null, null, null, null]}',NULL),(7,'Chase_etal_2014','SWP-1-5','Iso2','Clam',0,'{\"ID\": [\"SWP-1-5-Iso-1\", \"SWP-1-5-Iso-2\", \"SWP-1-5-Iso-3\", \"SWP-1-5-Iso-4\", \"SWP-1-5-Iso-5\", \"SWP-1-5-Iso-6\", \"SWP-1-5-Iso-7\", \"SWP-1-5-Iso-8\", \"SWP-1-5-Iso-9\", \"SWP-1-5-Iso-10\", \"SWP-1-5-Iso-11\", \"SWP-1-5-Iso-12\", \"SWP-1-5-Iso-13\", \"SWP-1-5-Iso-14\", \"SWP-1-5-Iso-15\", \"SWP-1-5-Iso-16\", \"SWP-1-5-Iso-17\", \"SWP-1-5-Iso-18\", \"SWP-1-5-Iso-19\", \"SWP-1-5-Iso-20\", \"SWP-1-5-Iso-21\", \"SWP-1-5-Iso-22\", \"SWP-1-5-Iso-23\", \"SWP-1-5-Iso-24\", \"SWP-1-5-Iso-25\", \"SWP-1-5-Iso-26\", \"SWP-1-5-Iso-27\", \"SWP-1-5-Iso-28\", \"SWP-1-5-Iso-29\", \"SWP-1-5-Iso-30\", \"SWP-1-5-Iso-31\", \"SWP-1-5-Iso-32\", \"SWP-1-5-Iso-33\", \"SWP-1-5-Iso-34\", \"SWP-1-5-Iso-35\", \"SWP-1-5-Iso-36\", \"SWP-1-5-Iso-37\", \"SWP-1-5-Iso-38\", \"SWP-1-5-Iso-39\", \"SWP-1-5-Iso-40\", \"SWP-1-5-Iso-41\", \"SWP-1-5-Iso-42\", \"SWP-1-5-Iso-43\", \"SWP-1-5-Iso-44\", \"SWP-1-5-Iso-45\", \"SWP-1-5-Iso-46\", \"SWP-1-5-Iso-47\", \"SWP-1-5-Iso-48\", \"SWP-1-5-Iso-49\", \"SWP-1-5-Iso-50\", \"SWP-1-5-Iso-51\", \"SWP-1-5-Iso-52\", \"SWP-1-5-Iso-53\", \"SWP-1-5-Iso-54\", \"SWP-1-5-Iso-55\", \"SWP-1-5-Iso-56\", \"SWP-1-5-Iso-57\", \"SWP-1-5-Iso-58\", \"SWP-1-5-Iso-59\", \"SWP-1-5-Iso-60\", \"SWP-1-5-Iso-61\", \"SWP-1-5-Iso-62\", \"SWP-1-5-Iso-63\", \"SWP-1-5-Iso-64\", \"SWP-1-5-Iso-65\", \"SWP-1-5-Iso-66\", \"SWP-1-5-Iso-67\", \"SWP-1-5-Iso-68\", \"SWP-1-5-Iso-69\", \"SWP-1-5-Iso-70\", \"SWP-1-5-Iso-71\", \"SWP-1-5-Iso-72\", \"SWP-1-5-Iso-73\", \"SWP-1-5-Iso-74\", \"SWP-1-5-Iso-75\", \"SWP-1-5-Iso-76\", \"SWP-1-5-Iso-77\", \"SWP-1-5-Iso-78\", \"SWP-1-5-Iso-79\", \"SWP-1-5-Iso-80\", \"SWP-1-5-Iso-81\", \"SWP-1-5-Iso-82\", \"SWP-1-5-Iso-83\", \"SWP-1-5-Iso-84\", \"SWP-1-5-Iso-85\", \"SWP-1-5-Iso-86\", \"SWP-1-5-Iso-87\", \"SWP-1-5-Iso-88\", \"SWP-1-5-Iso-89\", \"SWP-1-5-Iso-90\", \"SWP-1-5-Iso-91\", \"SWP-1-5-Iso-92\", \"SWP-1-5-Iso-93\", \"SWP-1-5-Iso-94\", \"SWP-1-5-Iso-95\", \"SWP-1-5-Iso-96\", \"SWP-1-5-Iso-97\", \"SWP-1-5-Iso-98\", \"SWP-1-5-Iso-99\", \"SWP-1-5-Iso-100\", \"SWP-1-5-Iso-101\", \"SWP-1-5-Iso-102\", \"SWP-1-5-Iso-103\", \"SWP-1-5-Iso-104\", \"SWP-1-5-Iso-105\", \"SWP-1-5-Iso-106\", \"SWP-1-5-Iso-107\", \"SWP-1-5-Iso-108\", \"SWP-1-5-Iso-109\", \"SWP-1-5-Iso-110\", \"SWP-1-5-Iso-111\", \"SWP-1-5-Iso-112\", \"SWP-1-5-Iso-113\", \"SWP-1-5-Iso-114\", \"SWP-1-5-Iso-115\", \"SWP-1-5-Iso-116\", \"SWP-1-5-Iso-117\", \"SWP-1-5-Iso-118\", \"SWP-1-5-Iso-119\", \"SWP-1-5-Iso-120\", \"SWP-1-5-Iso-121\", \"SWP-1-5-Iso-122\", \"SWP-1-5-Iso-123\", \"SWP-1-5-Iso-124\", \"SWP-1-5-Iso-125\", \"SWP-1-5-Iso-126\", \"SWP-1-5-Iso-127\", \"SWP-1-5-Iso-128\", \"SWP-1-5-Iso-129\", \"SWP-1-5-Iso-130\", \"SWP-1-5-Iso-131\", \"SWP-1-5-Iso-132\", \"SWP-1-5-Iso-133\", \"SWP-1-5-Iso-134\", \"SWP-1-5-Iso-135\", \"SWP-1-5-Iso-136\", \"SWP-1-5-Iso-137\", \"SWP-1-5-Iso-138\", \"SWP-1-5-Iso-139\", \"SWP-1-5-Iso-140\", \"SWP-1-5-Iso-141\", \"SWP-1-5-Iso-142\", \"SWP-1-5-Iso-143\", \"SWP-1-5-Iso-144\", \"SWP-1-5-Iso-145\", \"SWP-1-5-Iso-146\", \"SWP-1-5-Iso-147\", \"SWP-1-5-Iso-148\", \"SWP-1-5-Iso-149\", \"SWP-1-5-Iso-150\", \"SWP-1-5-Iso-151\", \"SWP-1-5-Iso-152\", \"SWP-1-5-Iso-153\", \"SWP-1-5-Iso-154\", \"SWP-1-5-Iso-155\", \"SWP-1-5-Iso-156\", \"SWP-1-5-Iso-157\", \"SWP-1-5-Iso-158\", \"SWP-1-5-Iso-159\", \"SWP-1-5-Iso-160\", \"SWP-1-5-Iso-161\", \"SWP-1-5-Iso-162\", \"SWP-1-5-Iso-163\", \"SWP-1-5-Iso-164\", \"SWP-1-5-Iso-165\", \"SWP-1-5-Iso-166\", \"SWP-1-5-Iso-167\", \"SWP-1-5-Iso-168\", \"SWP-1-5-Iso-169\", \"SWP-1-5-Iso-170\", \"SWP-1-5-Iso-171\", \"SWP-1-5-Iso-172\", \"SWP-1-5-Iso-173\", \"SWP-1-5-Iso-174\", \"SWP-1-5-Iso-175\", \"SWP-1-5-Iso-176\", \"SWP-1-5-Iso-177\", \"SWP-1-5-Iso-178\", \"SWP-1-5-Iso-179\", \"SWP-1-5-Iso-180\", \"SWP-1-5-Iso-181\", \"SWP-1-5-Iso-182\", \"SWP-1-5-Iso-183\", \"SWP-1-5-Iso-184\"]}','{\"Depth\": [1.54927561, 2.710891775, 4.93973012, 6.16193138, 7.23135749, 8.60633391, 9.930385285, 10.84703624, 12.12016255, 13.18958866, 14.25901477, 15.32844088, 16.44879204, 17.11081772, 18.18024383, 19.19874489, 20.3700211, 21.38852215, 22.50887331, 23.37459921, 24.95327584, 25.71715164, 27.65230364, 28.36525438, 29.7402308, 30.50410659, 31.98093312, 32.79573396, 34.06886028, 34.98551123, 36.46233776, 37.48083882, 38.75396513, 39.31414071, 40.48541693, 41.19836767, 42.26779377, 43.33721988, 45.06867167, 46.23994789, 47.20752389, 48.17509989, 49.3463761, 50.36487716, 51.33245316, 52.65650453, 53.57315548, 54.9481319, 55.76293275, 56.93420896, 57.79993485, 58.97121107, 59.83693696, 61.36468855, 61.77208897, 63.80909108, 64.47111676, 65.74424308, 67.22106961, 68.54512098, 69.41084688, 70.73489825, 71.70247425, 72.36449994, 73.89225151, 74.50335218, 75.98017868, 76.64220438, 78.16995598, 78.62828143, 80.61435848, 81.17453403, 82.54951048, 83.56801153, 84.48466248, 85.70686378, 86.97999008, 87.89664103, 89.16976733, 90.23919343, 91.35954463, 92.37804563, 93.44747178, 94.46597278, 95.48447388, 96.80852528, 98.08165153, 98.64182718, 100.0677286, 100.8316044, 102.7158314, 103.5306322, 104.9056086, 105.8731846, 106.9935358, 107.8083366, 108.9286878, 109.8962638, 111.3221653, 111.5767905, 113.002692, 113.4100924, 114.7850688, 115.3452444, 116.4655956, 117.2294714, 118.3498225, 119.1646234, 120.4886747, 121.2525506, 122.5766019, 123.2386276, 124.9700794, 125.2756297, 127.3126318, 127.5672571, 129.1968588, 129.7570343, 131.2847859, 132.3542121, 133.7291885, 134.7476895, 136.4791413, 136.9883918, 138.8216937, 139.5346445, 140.8586958, 141.6225717, 142.946623, 143.8123489, 145.0345502, 146.4095266, 147.5298778, 148.4974538, 149.5159548, 150.7890812, 151.9094323, 152.9788584, 154.2519847, 155.474186, 156.3399119, 157.7148883, 158.376914, 159.7518904, 160.5157662, 161.5851923, 162.5527683, 163.6221944, 164.4369953, 165.7610467, 166.5758475, 167.8489738, 168.8674748, 169.936901, 171.1591022, 172.1266782, 173.0433292, 174.5201557, 175.9969822, 176.6080829, 178.0339843, 178.5432349, 179.9691363, 180.580237, 181.9552134, 182.6681642, 184.0431406, 184.7051663, 185.8764425, 186.8949435, 188.0152947, 188.8810206, 190.3578471, 191.1217229, 192.140224, 193.2096501, 193.9735259, 195.1957271, 196.1123781, 197.1818042, 198.0984551, 199.2697314, 200.2373073, 201.4595086]}','{\"Age\": [90.5, 152, 270.3, 341.9, 405.5, 487.1, 564.8, 619.7, 697.1, 762.2, 826.7, 891.7, 962.4, 1004.3, 1072, 1136.6, 1210.3, 1276.3, 1349, 1405.7, 1508.3, 1563, 1702.1, 1752.5, 1849.3, 1904.7, 2013.8, 2073.6, 2166.7, 2232.3, 2362.4, 2453, 2566.8, 2616.5, 2710, 2758.9, 2831.1, 2904.1, 3024.4, 3139.6, 3234.1, 3327.9, 3441.1, 3540.6, 3636.1, 3767.8, 3859.6, 3996.3, 4066.8, 4166.5, 4239.6, 4338.7, 4411.9, 4536.4, 4569.7, 4735, 4788.8, 4902, 5042.8, 5169.3, 5251.6, 5369.9, 5452.7, 5508.9, 5639.8, 5692.8, 5802.1, 5847.4, 5949.9, 5980.3, 6105.3, 6137.1, 6214.2, 6271.7, 6323.2, 6390, 6458.8, 6508.4, 6576.9, 6633.1, 6691.6, 6745.2, 6801.3, 6854.9, 6909.9, 6983.4, 7054, 7085.3, 7165.8, 7208.4, 7315.5, 7361.1, 7437.6, 7485.8, 7540.5, 7580.2, 7634.8, 7681.7, 7750.6, 7763.1, 7832.5, 7852.2, 7918.5, 7945.5, 7999.8, 8037.5, 8092.5, 8132.7, 8196.6, 8233.6, 8298.6, 8331.3, 8417.8, 8430.9, 8520.3, 8531.5, 8601.5, 8625.2, 8679.9, 8717, 8764, 8798.7, 8856.6, 8873.9, 8935.5, 8959.2, 9003.7, 9029.2, 9073.6, 9102.4, 9143, 9186, 9221.2, 9252.9, 9285.9, 9320.8, 9348.3, 9374.6, 9405.4, 9431.3, 9446.9, 9471.4, 9483, 9506.9, 9520.1, 9538.5, 9555.1, 9573.3, 9587.2, 9609.8, 9624.3, 9646.4, 9664.3, 9683.2, 9704.1, 9721.2, 9737.2, 9763.1, 9792.4, 9805.1, 9835, 9845.6, 9875, 9896.7, 9945.7, 9971.1, 10020.4, 10044, 10087.2, 10125.2, 10166.9, 10198.6, 10252, 10279.8, 10316.8, 10356, 10384, 10428.7, 10463.4, 10504.2, 10539.3, 10583.7, 10620.8, 10669.3]}','{\"max\": [373, 392.7, 461, 475.9, 490.8, 626.9, 846.6, 911.5, 1006, 1096.8, 1211.1, 1316.7, 1358.3, 1382.1, 1424.1, 1474, 1539.3, 1553.4, 1568.9, 1589.9, 1681.3, 1735.8, 2010.5, 2144.6, 2411.4, 2495, 2595.2, 2645.6, 2816.4, 2948.6, 3029.5, 3091.1, 3171.1, 3210.6, 3287.4, 3317.3, 3366.4, 3421.5, 3569.6, 3595.3, 3625, 3660, 3728.3, 3801.4, 3847.9, 3955.5, 4117.5, 4445.2, 4506.5, 4624.3, 4750.8, 4931.8, 5075.7, 5183.2, 5207.1, 5359.2, 5432.9, 5516.2, 5567.8, 5631.7, 5679.6, 5748, 5768, 5785.7, 5838.9, 5884.8, 5986.1, 6020.1, 6217.6, 6284.9, 6536.2, 6564.7, 6630.5, 6694, 6773.9, 6850.9, 6896.7, 6928, 7002.7, 7077.5, 7093.5, 7112.6, 7145.6, 7183.6, 7216.5, 7235.3, 7258.1, 7272.2, 7332.5, 7362.9, 7500.8, 7609.3, 7811.6, 7861.1, 7906.5, 7952.4, 8021.4, 8108.9, 8158.8, 8170.1, 8220.8, 8235.1, 8302.4, 8323.2, 8345.9, 8364.2, 8397.7, 8430.4, 8477.9, 8486.1, 8504.8, 8516.3, 8568.3, 8572.8, 8618.3, 8632.9, 8802.4, 8871, 8927.5, 8964.8, 9021.9, 9086.1, 9132.4, 9145.5, 9196.9, 9229.4, 9267.3, 9280.6, 9311.8, 9341.1, 9393.6, 9409, 9425.9, 9447.3, 9471.9, 9497.1, 9515.7, 9534.3, 9581.1, 9624.8, 9638.4, 9670.9, 9688.1, 9734.5, 9752.6, 9768.2, 9785.6, 9813.4, 9834.6, 9861.4, 9875.8, 9901.7, 9926.2, 9953.9, 9975, 9989, 10009.4, 10049.8, 10081.1, 10090.7, 10121.9, 10133.8, 10181.1, 10199.4, 10243.5, 10268.9, 10339.6, 10388.8, 10431, 10465, 10502.7, 10540.2, 10598.4, 10614.7, 10638.9, 10671.9, 10697.9, 10743.1, 10759.8, 10779.8, 10802.6, 10837.2, 10872, 10891.7], \"min\": [-259.4, -173.4, -70.9, 123.3, 280.4, 358, 376.3, 407, 434, 454.4, 472.4, 510, 579.7, 610.2, 658.1, 688.6, 764.1, 922.5, 1084.9, 1204.7, 1361.9, 1426.9, 1483.2, 1493.5, 1507.5, 1540.1, 1600.3, 1627.2, 1659.2, 1677.8, 1846.6, 1924.2, 1996.2, 2027.5, 2102.3, 2152.3, 2214.8, 2268.3, 2361.3, 2623.5, 2814.1, 2949.7, 3081.6, 3218.9, 3434.9, 3610.2, 3662, 3698, 3751.6, 3807.1, 3837.6, 3872.6, 3893.9, 4008.2, 4031.1, 4120.6, 4143.8, 4274.1, 4398.6, 4472.4, 4520.1, 4718.1, 4943.5, 5097.6, 5429.7, 5530.5, 5675, 5721.1, 5762, 5769.9, 5819.2, 5844.2, 5881.3, 5900.5, 5919.6, 5970.8, 6031.9, 6062.9, 6098.9, 6142.3, 6233.9, 6286.2, 6333.2, 6375.7, 6459, 6644.5, 6805.9, 6856.9, 6958.2, 7041.4, 7128.2, 7145.1, 7165.6, 7207.1, 7244.1, 7263.3, 7284.5, 7300.5, 7377.2, 7389, 7434.2, 7446.4, 7478.6, 7507.6, 7597.4, 7638.2, 7686, 7717.9, 7806.3, 7892.3, 8027.7, 8081.6, 8175.1, 8208.3, 8387.5, 8396.4, 8421.1, 8426.2, 8472.3, 8497.6, 8522.6, 8537.2, 8598.2, 8614.3, 8655, 8667.7, 8719.9, 8755.2, 8793.7, 8813.7, 8843.3, 8937.6, 9005.3, 9051.9, 9083.4, 9145, 9202.3, 9233.7, 9251.4, 9267.9, 9281.9, 9299.8, 9307.5, 9320.6, 9334.3, 9354.9, 9371.7, 9382.3, 9392.4, 9418.7, 9437.5, 9459.2, 9472.5, 9484.8, 9519, 9546.3, 9566.7, 9593.7, 9641.3, 9662.4, 9700.5, 9709.7, 9727.3, 9745.5, 9770.7, 9779.7, 9793.9, 9798.9, 9835, 9860.1, 9882.2, 9894.7, 9930.1, 9966, 10001.2, 10029.6, 10051, 10084.1, 10142.6, 10202.6, 10241.6, 10283.1, 10331, 10432], \"null\": [null, null, null, null, null, null, null, null, null, null, null, null, null, null, null, null, null, null, null, null, null, null, null, null, null, null, null, null, null, null, null, null, null, null, null, null, null, null, null, null, null, null, null, null, null, null, null, null, null, null, null, null, null, null, null, null, null, null, null, null, null, null, null, null, null, null, null, null, null, null, null, null, null, null, null, null, null, null, null, null, null, null, null, null, null, null, null, null, null, null, null, null, null, null, null, null, null, null, null, null, null, null, null, null, null, null, null, null, null, null, null, null, null, null, null, null, null, null, null, null, null, null, null, null, null, null, null, null, null, null, null, null, null, null, null, null, null, null, null, null, null, null, null, null, null, null, null, null, null, null, null, null, null, null, null, null, null, null, null, null, null, null, null, null, null, null, null, null, null, null, null, null, null, null, null, null, null, null, null, null, null, null, null, null]}',NULL),(8,'Chase_etal_2014','SWP-1-5','Pol1','Clam',0,'{\"ID\": [\"SWP-1-5-P-1\", \"SWP-1-5-P-2\", \"SWP-1-5-P-3\", \"SWP-1-5-P-4\", \"SWP-1-5-P-5\", \"SWP-1-5-P-6\", \"SWP-1-5-P-7\", \"SWP-1-5-P-8\", \"SWP-1-5-P-9\", \"SWP-1-5-P-10\", \"SWP-1-5-P-11\", \"SWP-1-5-P-12\", \"SWP-1-5-P-13\", \"SWP-1-5-P-14\", \"SWP-1-5-P-15\", \"SWP-1-5-P-16\", \"SWP-1-5-P-17\", \"SWP-1-5-P-18\", \"SWP-1-5-P-19\", \"SWP-1-5-P-20\", \"SWP-1-5-P-21\", \"SWP-1-5-P-22\", \"SWP-1-5-P-23\", \"SWP-1-5-P-24\", \"SWP-1-5-P-25\", \"SWP-1-5-P-26\", \"SWP-1-5-P-27\", \"SWP-1-5-P-28\", \"SWP-1-5-P-29\", \"SWP-1-5-P-30\", \"SWP-1-5-P-31\", \"SWP-1-5-P-32\", \"SWP-1-5-P-33\", \"SWP-1-5-P-34\", \"SWP-1-5-P-35\", \"SWP-1-5-P-36\", \"SWP-1-5-P-37\", \"SWP-1-5-P-38\", \"SWP-1-5-P-39\", \"SWP-1-5-P-40\", \"SWP-1-5-P-41\", \"SWP-1-5-P-42\", \"SWP-1-5-P-43\", \"SWP-1-5-P-44\", \"SWP-1-5-P-45\"]}','{\"Depth\": [9.87946023, 13.24051371, 17.16174278, 20.98112173, 25.25882616, 29.02728006, 33.45775965, 37.93916429, 42.62426914, 47.30937399, 51.89262874, 56.7814338, 60.80451297, 65.03129234, 69.8182473, 74.40150204, 78.42458123, 82.04025998, 85.85963893, 89.52624268, 93.90579728, 98.48905198, 103.1232318, 107.0953859, 110.6601396, 114.7850689, 119.2155484, 123.646028, 127.6691072, 132.5069872, 136.9883919, 140.960546, 145.1873253, 149.66873, 154.2519847, 158.8352394, 163.8258946, 168.1545241, 172.7887039, 176.8117831, 180.9876374, 185.3671919, 189.5939713, 194.2790762, 199.0151061]}','{\"Age\": [566.9, 777.6, 1011.1, 1238.6, 1524.1, 1865.2, 2209.5, 2587.7, 2980.3, 3334.5, 3694.5, 4118.9, 4480.6, 4878.5, 5238, 5679, 5962.8, 6176.1, 6389.3, 6605.5, 6839.4, 7079.7, 7336.2, 7548.7, 7729.1, 7933.5, 8140.6, 8356.4, 8532, 8713.4, 8864.4, 8996.4, 9139.6, 9288.1, 9405.8, 9489.7, 9577, 9651.6, 9729, 9806.4, 9913.9, 10072.2, 10226.4, 10399.2, 10578.7]}','{\"max\": [819.3, 1108.6, 1377.5, 1525.9, 1691.3, 2398.9, 2837.4, 3154, 3463.9, 3647.6, 3870.5, 4560, 5174.7, 5503.8, 5724.9, 5868.1, 6275.8, 6615.7, 6839.7, 7016.1, 7146.4, 7276.1, 7541.6, 7887.7, 8157.9, 8306, 8433.5, 8528.5, 8641.1, 8961, 9147.6, 9262.3, 9381, 9476.6, 9585.7, 9701.2, 9819.4, 9915.9, 10011.7, 10089.7, 10205.3, 10437.3, 10570.2, 10715.1, 10836.6], \"min\": [374.6, 497.7, 665.2, 912.4, 1396, 1510.9, 1674.5, 2000.7, 2387.8, 2885.6, 3548.1, 3772.8, 3945.2, 4156.8, 4506.4, 5501.9, 5761.5, 5858.6, 5987.4, 6128.6, 6443.7, 6860.5, 7146.5, 7263, 7368.3, 7509.2, 7749.7, 8123.8, 8397.1, 8494.1, 8609.4, 8716.5, 8847.1, 9073.9, 9255, 9308.6, 9385.5, 9462.8, 9552.9, 9663.9, 9753.2, 9813, 9905.2, 10071.5, 10294.1], \"null\": [null, null, null, null, null, null, null, null, null, null, null, null, null, null, null, null, null, null, null, null, null, null, null, null, null, null, null, null, null, null, null, null, null, null, null, null, null, null, null, null, null, null, null, null, null]}',NULL),(3,'Chase_etal_2013','SWP-1-55','Iso1','Clam',0,'{\"ID\": [\"SWP-1-5-Iso-1\", \"SWP-1-5-Iso-2\", \"SWP-1-5-Iso-3\", \"SWP-1-5-Iso-4\", \"SWP-1-5-Iso-5\", \"SWP-1-5-Iso-6\", \"SWP-1-5-Iso-7\", \"SWP-1-5-Iso-8\", \"SWP-1-5-Iso-9\", \"SWP-1-5-Iso-10\", \"SWP-1-5-Iso-11\", \"SWP-1-5-Iso-12\", \"SWP-1-5-Iso-13\", \"SWP-1-5-Iso-14\", \"SWP-1-5-Iso-15\", \"SWP-1-5-Iso-16\", \"SWP-1-5-Iso-17\", \"SWP-1-5-Iso-18\", \"SWP-1-5-Iso-19\", \"SWP-1-5-Iso-20\", \"SWP-1-5-Iso-21\", \"SWP-1-5-Iso-22\", \"SWP-1-5-Iso-23\", \"SWP-1-5-Iso-24\", \"SWP-1-5-Iso-25\", \"SWP-1-5-Iso-26\", \"SWP-1-5-Iso-27\", \"SWP-1-5-Iso-28\", \"SWP-1-5-Iso-29\", \"SWP-1-5-Iso-30\", \"SWP-1-5-Iso-31\", \"SWP-1-5-Iso-32\", \"SWP-1-5-Iso-33\", \"SWP-1-5-Iso-34\", \"SWP-1-5-Iso-35\", \"SWP-1-5-Iso-36\", \"SWP-1-5-Iso-37\", \"SWP-1-5-Iso-38\", \"SWP-1-5-Iso-39\", \"SWP-1-5-Iso-40\", \"SWP-1-5-Iso-41\", \"SWP-1-5-Iso-42\", \"SWP-1-5-Iso-43\", \"SWP-1-5-Iso-44\", \"SWP-1-5-Iso-45\", \"SWP-1-5-Iso-46\", \"SWP-1-5-Iso-47\", \"SWP-1-5-Iso-48\", \"SWP-1-5-Iso-49\", \"SWP-1-5-Iso-50\", \"SWP-1-5-Iso-51\", \"SWP-1-5-Iso-52\", \"SWP-1-5-Iso-53\", \"SWP-1-5-Iso-54\", \"SWP-1-5-Iso-55\", \"SWP-1-5-Iso-56\", \"SWP-1-5-Iso-57\", \"SWP-1-5-Iso-58\", \"SWP-1-5-Iso-59\", \"SWP-1-5-Iso-60\", \"SWP-1-5-Iso-61\", \"SWP-1-5-Iso-62\", \"SWP-1-5-Iso-63\", \"SWP-1-5-Iso-64\", \"SWP-1-5-Iso-65\", \"SWP-1-5-Iso-66\", \"SWP-1-5-Iso-67\", \"SWP-1-5-Iso-68\", \"SWP-1-5-Iso-69\", \"SWP-1-5-Iso-70\", \"SWP-1-5-Iso-71\", \"SWP-1-5-Iso-72\", \"SWP-1-5-Iso-73\", \"SWP-1-5-Iso-74\", \"SWP-1-5-Iso-75\", \"SWP-1-5-Iso-76\", \"SWP-1-5-Iso-77\", \"SWP-1-5-Iso-78\", \"SWP-1-5-Iso-79\", \"SWP-1-5-Iso-80\", \"SWP-1-5-Iso-81\", \"SWP-1-5-Iso-82\", \"SWP-1-5-Iso-83\", \"SWP-1-5-Iso-84\", \"SWP-1-5-Iso-85\", \"SWP-1-5-Iso-86\", \"SWP-1-5-Iso-87\", \"SWP-1-5-Iso-88\", \"SWP-1-5-Iso-89\", \"SWP-1-5-Iso-90\", \"SWP-1-5-Iso-91\", \"SWP-1-5-Iso-92\", \"SWP-1-5-Iso-93\", \"SWP-1-5-Iso-94\", \"SWP-1-5-Iso-95\", \"SWP-1-5-Iso-96\", \"SWP-1-5-Iso-97\", \"SWP-1-5-Iso-98\", \"SWP-1-5-Iso-99\", \"SWP-1-5-Iso-100\", \"SWP-1-5-Iso-101\", \"SWP-1-5-Iso-102\", \"SWP-1-5-Iso-103\", \"SWP-1-5-Iso-104\", \"SWP-1-5-Iso-105\", \"SWP-1-5-Iso-106\", \"SWP-1-5-Iso-107\", \"SWP-1-5-Iso-108\", \"SWP-1-5-Iso-109\", \"SWP-1-5-Iso-110\", \"SWP-1-5-Iso-111\", \"SWP-1-5-Iso-112\", \"SWP-1-5-Iso-113\", \"SWP-1-5-Iso-114\", \"SWP-1-5-Iso-115\", \"SWP-1-5-Iso-116\", \"SWP-1-5-Iso-117\", \"SWP-1-5-Iso-118\", \"SWP-1-5-Iso-119\", \"SWP-1-5-Iso-120\", \"SWP-1-5-Iso-121\", \"SWP-1-5-Iso-122\", \"SWP-1-5-Iso-123\", \"SWP-1-5-Iso-124\", \"SWP-1-5-Iso-125\", \"SWP-1-5-Iso-126\", \"SWP-1-5-Iso-127\", \"SWP-1-5-Iso-128\", \"SWP-1-5-Iso-129\", \"SWP-1-5-Iso-130\", \"SWP-1-5-Iso-131\", \"SWP-1-5-Iso-132\", \"SWP-1-5-Iso-133\", \"SWP-1-5-Iso-134\", \"SWP-1-5-Iso-135\", \"SWP-1-5-Iso-136\", \"SWP-1-5-Iso-137\", \"SWP-1-5-Iso-138\", \"SWP-1-5-Iso-139\", \"SWP-1-5-Iso-140\", \"SWP-1-5-Iso-141\", \"SWP-1-5-Iso-142\", \"SWP-1-5-Iso-143\", \"SWP-1-5-Iso-144\", \"SWP-1-5-Iso-145\", \"SWP-1-5-Iso-146\", \"SWP-1-5-Iso-147\", \"SWP-1-5-Iso-148\", \"SWP-1-5-Iso-149\", \"SWP-1-5-Iso-150\", \"SWP-1-5-Iso-151\", \"SWP-1-5-Iso-152\", \"SWP-1-5-Iso-153\", \"SWP-1-5-Iso-154\", \"SWP-1-5-Iso-155\", \"SWP-1-5-Iso-156\", \"SWP-1-5-Iso-157\", \"SWP-1-5-Iso-158\", \"SWP-1-5-Iso-159\", \"SWP-1-5-Iso-160\", \"SWP-1-5-Iso-161\", \"SWP-1-5-Iso-162\", \"SWP-1-5-Iso-163\", \"SWP-1-5-Iso-164\", \"SWP-1-5-Iso-165\", \"SWP-1-5-Iso-166\", \"SWP-1-5-Iso-167\", \"SWP-1-5-Iso-168\", \"SWP-1-5-Iso-169\", \"SWP-1-5-Iso-170\", \"SWP-1-5-Iso-171\", \"SWP-1-5-Iso-172\", \"SWP-1-5-Iso-173\", \"SWP-1-5-Iso-174\", \"SWP-1-5-Iso-175\", \"SWP-1-5-Iso-176\", \"SWP-1-5-Iso-177\", \"SWP-1-5-Iso-178\", \"SWP-1-5-Iso-179\", \"SWP-1-5-Iso-180\", \"SWP-1-5-Iso-181\", \"SWP-1-5-Iso-182\", \"SWP-1-5-Iso-183\", \"SWP-1-5-Iso-184\"]}','{\"Depth\": [1.54927561, 2.710891775, 4.93973012, 6.16193138, 7.23135749, 8.60633391, 9.930385285, 10.84703624, 12.12016255, 13.18958866, 14.25901477, 15.32844088, 16.44879204, 17.11081772, 18.18024383, 19.19874489, 20.3700211, 21.38852215, 22.50887331, 23.37459921, 24.95327584, 25.71715164, 27.65230364, 28.36525438, 29.7402308, 30.50410659, 31.98093312, 32.79573396, 34.06886028, 34.98551123, 36.46233776, 37.48083882, 38.75396513, 39.31414071, 40.48541693, 41.19836767, 42.26779377, 43.33721988, 45.06867167, 46.23994789, 47.20752389, 48.17509989, 49.3463761, 50.36487716, 51.33245316, 52.65650453, 53.57315548, 54.9481319, 55.76293275, 56.93420896, 57.79993485, 58.97121107, 59.83693696, 61.36468855, 61.77208897, 63.80909108, 64.47111676, 65.74424308, 67.22106961, 68.54512098, 69.41084688, 70.73489825, 71.70247425, 72.36449994, 73.89225151, 74.50335218, 75.98017868, 76.64220438, 78.16995598, 78.62828143, 80.61435848, 81.17453403, 82.54951048, 83.56801153, 84.48466248, 85.70686378, 86.97999008, 87.89664103, 89.16976733, 90.23919343, 91.35954463, 92.37804563, 93.44747178, 94.46597278, 95.48447388, 96.80852528, 98.08165153, 98.64182718, 100.0677286, 100.8316044, 102.7158314, 103.5306322, 104.9056086, 105.8731846, 106.9935358, 107.8083366, 108.9286878, 109.8962638, 111.3221653, 111.5767905, 113.002692, 113.4100924, 114.7850688, 115.3452444, 116.4655956, 117.2294714, 118.3498225, 119.1646234, 120.4886747, 121.2525506, 122.5766019, 123.2386276, 124.9700794, 125.2756297, 127.3126318, 127.5672571, 129.1968588, 129.7570343, 131.2847859, 132.3542121, 133.7291885, 134.7476895, 136.4791413, 136.9883918, 138.8216937, 139.5346445, 140.8586958, 141.6225717, 142.946623, 143.8123489, 145.0345502, 146.4095266, 147.5298778, 148.4974538, 149.5159548, 150.7890812, 151.9094323, 152.9788584, 154.2519847, 155.474186, 156.3399119, 157.7148883, 158.376914, 159.7518904, 160.5157662, 161.5851923, 162.5527683, 163.6221944, 164.4369953, 165.7610467, 166.5758475, 167.8489738, 168.8674748, 169.936901, 171.1591022, 172.1266782, 173.0433292, 174.5201557, 175.9969822, 176.6080829, 178.0339843, 178.5432349, 179.9691363, 180.580237, 181.9552134, 182.6681642, 184.0431406, 184.7051663, 185.8764425, 186.8949435, 188.0152947, 188.8810206, 190.3578471, 191.1217229, 192.140224, 193.2096501, 193.9735259, 195.1957271, 196.1123781, 197.1818042, 198.0984551, 199.2697314, 200.2373073, 201.4595086]}','{\"Age\": [90.5, 152, 270.3, 341.9, 405.5, 487.1, 564.8, 619.7, 697.1, 762.2, 826.7, 891.7, 962.4, 1004.3, 1072, 1136.6, 1210.3, 1276.3, 1349, 1405.7, 1508.3, 1563, 1702.1, 1752.5, 1849.3, 1904.7, 2013.8, 2073.6, 2166.7, 2232.3, 2362.4, 2453, 2566.8, 2616.5, 2710, 2758.9, 2831.1, 2904.1, 3024.4, 3139.6, 3234.1, 3327.9, 3441.1, 3540.6, 3636.1, 3767.8, 3859.6, 3996.3, 4066.8, 4166.5, 4239.6, 4338.7, 4411.9, 4536.4, 4569.7, 4735, 4788.8, 4902, 5042.8, 5169.3, 5251.6, 5369.9, 5452.7, 5508.9, 5639.8, 5692.8, 5802.1, 5847.4, 5949.9, 5980.3, 6105.3, 6137.1, 6214.2, 6271.7, 6323.2, 6390, 6458.8, 6508.4, 6576.9, 6633.1, 6691.6, 6745.2, 6801.3, 6854.9, 6909.9, 6983.4, 7054, 7085.3, 7165.8, 7208.4, 7315.5, 7361.1, 7437.6, 7485.8, 7540.5, 7580.2, 7634.8, 7681.7, 7750.6, 7763.1, 7832.5, 7852.2, 7918.5, 7945.5, 7999.8, 8037.5, 8092.5, 8132.7, 8196.6, 8233.6, 8298.6, 8331.3, 8417.8, 8430.9, 8520.3, 8531.5, 8601.5, 8625.2, 8679.9, 8717, 8764, 8798.7, 8856.6, 8873.9, 8935.5, 8959.2, 9003.7, 9029.2, 9073.6, 9102.4, 9143, 9186, 9221.2, 9252.9, 9285.9, 9320.8, 9348.3, 9374.6, 9405.4, 9431.3, 9446.9, 9471.4, 9483, 9506.9, 9520.1, 9538.5, 9555.1, 9573.3, 9587.2, 9609.8, 9624.3, 9646.4, 9664.3, 9683.2, 9704.1, 9721.2, 9737.2, 9763.1, 9792.4, 9805.1, 9835, 9845.6, 9875, 9896.7, 9945.7, 9971.1, 10020.4, 10044, 10087.2, 10125.2, 10166.9, 10198.6, 10252, 10279.8, 10316.8, 10356, 10384, 10428.7, 10463.4, 10504.2, 10539.3, 10583.7, 10620.8, 10669.3]}','{\"max\": [373, 392.7, 461, 475.9, 490.8, 626.9, 846.6, 911.5, 1006, 1096.8, 1211.1, 1316.7, 1358.3, 1382.1, 1424.1, 1474, 1539.3, 1553.4, 1568.9, 1589.9, 1681.3, 1735.8, 2010.5, 2144.6, 2411.4, 2495, 2595.2, 2645.6, 2816.4, 2948.6, 3029.5, 3091.1, 3171.1, 3210.6, 3287.4, 3317.3, 3366.4, 3421.5, 3569.6, 3595.3, 3625, 3660, 3728.3, 3801.4, 3847.9, 3955.5, 4117.5, 4445.2, 4506.5, 4624.3, 4750.8, 4931.8, 5075.7, 5183.2, 5207.1, 5359.2, 5432.9, 5516.2, 5567.8, 5631.7, 5679.6, 5748, 5768, 5785.7, 5838.9, 5884.8, 5986.1, 6020.1, 6217.6, 6284.9, 6536.2, 6564.7, 6630.5, 6694, 6773.9, 6850.9, 6896.7, 6928, 7002.7, 7077.5, 7093.5, 7112.6, 7145.6, 7183.6, 7216.5, 7235.3, 7258.1, 7272.2, 7332.5, 7362.9, 7500.8, 7609.3, 7811.6, 7861.1, 7906.5, 7952.4, 8021.4, 8108.9, 8158.8, 8170.1, 8220.8, 8235.1, 8302.4, 8323.2, 8345.9, 8364.2, 8397.7, 8430.4, 8477.9, 8486.1, 8504.8, 8516.3, 8568.3, 8572.8, 8618.3, 8632.9, 8802.4, 8871, 8927.5, 8964.8, 9021.9, 9086.1, 9132.4, 9145.5, 9196.9, 9229.4, 9267.3, 9280.6, 9311.8, 9341.1, 9393.6, 9409, 9425.9, 9447.3, 9471.9, 9497.1, 9515.7, 9534.3, 9581.1, 9624.8, 9638.4, 9670.9, 9688.1, 9734.5, 9752.6, 9768.2, 9785.6, 9813.4, 9834.6, 9861.4, 9875.8, 9901.7, 9926.2, 9953.9, 9975, 9989, 10009.4, 10049.8, 10081.1, 10090.7, 10121.9, 10133.8, 10181.1, 10199.4, 10243.5, 10268.9, 10339.6, 10388.8, 10431, 10465, 10502.7, 10540.2, 10598.4, 10614.7, 10638.9, 10671.9, 10697.9, 10743.1, 10759.8, 10779.8, 10802.6, 10837.2, 10872, 10891.7], \"min\": [-259.4, -173.4, -70.9, 123.3, 280.4, 358, 376.3, 407, 434, 454.4, 472.4, 510, 579.7, 610.2, 658.1, 688.6, 764.1, 922.5, 1084.9, 1204.7, 1361.9, 1426.9, 1483.2, 1493.5, 1507.5, 1540.1, 1600.3, 1627.2, 1659.2, 1677.8, 1846.6, 1924.2, 1996.2, 2027.5, 2102.3, 2152.3, 2214.8, 2268.3, 2361.3, 2623.5, 2814.1, 2949.7, 3081.6, 3218.9, 3434.9, 3610.2, 3662, 3698, 3751.6, 3807.1, 3837.6, 3872.6, 3893.9, 4008.2, 4031.1, 4120.6, 4143.8, 4274.1, 4398.6, 4472.4, 4520.1, 4718.1, 4943.5, 5097.6, 5429.7, 5530.5, 5675, 5721.1, 5762, 5769.9, 5819.2, 5844.2, 5881.3, 5900.5, 5919.6, 5970.8, 6031.9, 6062.9, 6098.9, 6142.3, 6233.9, 6286.2, 6333.2, 6375.7, 6459, 6644.5, 6805.9, 6856.9, 6958.2, 7041.4, 7128.2, 7145.1, 7165.6, 7207.1, 7244.1, 7263.3, 7284.5, 7300.5, 7377.2, 7389, 7434.2, 7446.4, 7478.6, 7507.6, 7597.4, 7638.2, 7686, 7717.9, 7806.3, 7892.3, 8027.7, 8081.6, 8175.1, 8208.3, 8387.5, 8396.4, 8421.1, 8426.2, 8472.3, 8497.6, 8522.6, 8537.2, 8598.2, 8614.3, 8655, 8667.7, 8719.9, 8755.2, 8793.7, 8813.7, 8843.3, 8937.6, 9005.3, 9051.9, 9083.4, 9145, 9202.3, 9233.7, 9251.4, 9267.9, 9281.9, 9299.8, 9307.5, 9320.6, 9334.3, 9354.9, 9371.7, 9382.3, 9392.4, 9418.7, 9437.5, 9459.2, 9472.5, 9484.8, 9519, 9546.3, 9566.7, 9593.7, 9641.3, 9662.4, 9700.5, 9709.7, 9727.3, 9745.5, 9770.7, 9779.7, 9793.9, 9798.9, 9835, 9860.1, 9882.2, 9894.7, 9930.1, 9966, 10001.2, 10029.6, 10051, 10084.1, 10142.6, 10202.6, 10241.6, 10283.1, 10331, 10432], \"null\": [null, null, null, null, null, null, null, null, null, null, null, null, null, null, null, null, null, null, null, null, null, null, null, null, null, null, null, null, null, null, null, null, null, null, null, null, null, null, null, null, null, null, null, null, null, null, null, null, null, null, null, null, null, null, null, null, null, null, null, null, null, null, null, null, null, null, null, null, null, null, null, null, null, null, null, null, null, null, null, null, null, null, null, null, null, null, null, null, null, null, null, null, null, null, null, null, null, null, null, null, null, null, null, null, null, null, null, null, null, null, null, null, null, null, null, null, null, null, null, null, null, null, null, null, null, null, null, null, null, null, null, null, null, null, null, null, null, null, null, null, null, null, null, null, null, null, null, null, null, null, null, null, null, null, null, null, null, null, null, null, null, null, null, null, null, null, null, null, null, null, null, null, null, null, null, null, null, null, null, null, null, null, null, null]}',NULL),(4,'Chase_etal_2013','SWP-1-55','Iso2','Clam',0,'{\"ID\": [\"SWP-1-5-Iso-1\", \"SWP-1-5-Iso-2\", \"SWP-1-5-Iso-3\", \"SWP-1-5-Iso-4\", \"SWP-1-5-Iso-5\", \"SWP-1-5-Iso-6\", \"SWP-1-5-Iso-7\", \"SWP-1-5-Iso-8\", \"SWP-1-5-Iso-9\", \"SWP-1-5-Iso-10\", \"SWP-1-5-Iso-11\", \"SWP-1-5-Iso-12\", \"SWP-1-5-Iso-13\", \"SWP-1-5-Iso-14\", \"SWP-1-5-Iso-15\", \"SWP-1-5-Iso-16\", \"SWP-1-5-Iso-17\", \"SWP-1-5-Iso-18\", \"SWP-1-5-Iso-19\", \"SWP-1-5-Iso-20\", \"SWP-1-5-Iso-21\", \"SWP-1-5-Iso-22\", \"SWP-1-5-Iso-23\", \"SWP-1-5-Iso-24\", \"SWP-1-5-Iso-25\", \"SWP-1-5-Iso-26\", \"SWP-1-5-Iso-27\", \"SWP-1-5-Iso-28\", \"SWP-1-5-Iso-29\", \"SWP-1-5-Iso-30\", \"SWP-1-5-Iso-31\", \"SWP-1-5-Iso-32\", \"SWP-1-5-Iso-33\", \"SWP-1-5-Iso-34\", \"SWP-1-5-Iso-35\", \"SWP-1-5-Iso-36\", \"SWP-1-5-Iso-37\", \"SWP-1-5-Iso-38\", \"SWP-1-5-Iso-39\", \"SWP-1-5-Iso-40\", \"SWP-1-5-Iso-41\", \"SWP-1-5-Iso-42\", \"SWP-1-5-Iso-43\", \"SWP-1-5-Iso-44\", \"SWP-1-5-Iso-45\", \"SWP-1-5-Iso-46\", \"SWP-1-5-Iso-47\", \"SWP-1-5-Iso-48\", \"SWP-1-5-Iso-49\", \"SWP-1-5-Iso-50\", \"SWP-1-5-Iso-51\", \"SWP-1-5-Iso-52\", \"SWP-1-5-Iso-53\", \"SWP-1-5-Iso-54\", \"SWP-1-5-Iso-55\", \"SWP-1-5-Iso-56\", \"SWP-1-5-Iso-57\", \"SWP-1-5-Iso-58\", \"SWP-1-5-Iso-59\", \"SWP-1-5-Iso-60\", \"SWP-1-5-Iso-61\", \"SWP-1-5-Iso-62\", \"SWP-1-5-Iso-63\", \"SWP-1-5-Iso-64\", \"SWP-1-5-Iso-65\", \"SWP-1-5-Iso-66\", \"SWP-1-5-Iso-67\", \"SWP-1-5-Iso-68\", \"SWP-1-5-Iso-69\", \"SWP-1-5-Iso-70\", \"SWP-1-5-Iso-71\", \"SWP-1-5-Iso-72\", \"SWP-1-5-Iso-73\", \"SWP-1-5-Iso-74\", \"SWP-1-5-Iso-75\", \"SWP-1-5-Iso-76\", \"SWP-1-5-Iso-77\", \"SWP-1-5-Iso-78\", \"SWP-1-5-Iso-79\", \"SWP-1-5-Iso-80\", \"SWP-1-5-Iso-81\", \"SWP-1-5-Iso-82\", \"SWP-1-5-Iso-83\", \"SWP-1-5-Iso-84\", \"SWP-1-5-Iso-85\", \"SWP-1-5-Iso-86\", \"SWP-1-5-Iso-87\", \"SWP-1-5-Iso-88\", \"SWP-1-5-Iso-89\", \"SWP-1-5-Iso-90\", \"SWP-1-5-Iso-91\", \"SWP-1-5-Iso-92\", \"SWP-1-5-Iso-93\", \"SWP-1-5-Iso-94\", \"SWP-1-5-Iso-95\", \"SWP-1-5-Iso-96\", \"SWP-1-5-Iso-97\", \"SWP-1-5-Iso-98\", \"SWP-1-5-Iso-99\", \"SWP-1-5-Iso-100\", \"SWP-1-5-Iso-101\", \"SWP-1-5-Iso-102\", \"SWP-1-5-Iso-103\", \"SWP-1-5-Iso-104\", \"SWP-1-5-Iso-105\", \"SWP-1-5-Iso-106\", \"SWP-1-5-Iso-107\", \"SWP-1-5-Iso-108\", \"SWP-1-5-Iso-109\", \"SWP-1-5-Iso-110\", \"SWP-1-5-Iso-111\", \"SWP-1-5-Iso-112\", \"SWP-1-5-Iso-113\", \"SWP-1-5-Iso-114\", \"SWP-1-5-Iso-115\", \"SWP-1-5-Iso-116\", \"SWP-1-5-Iso-117\", \"SWP-1-5-Iso-118\", \"SWP-1-5-Iso-119\", \"SWP-1-5-Iso-120\", \"SWP-1-5-Iso-121\", \"SWP-1-5-Iso-122\", \"SWP-1-5-Iso-123\", \"SWP-1-5-Iso-124\", \"SWP-1-5-Iso-125\", \"SWP-1-5-Iso-126\", \"SWP-1-5-Iso-127\", \"SWP-1-5-Iso-128\", \"SWP-1-5-Iso-129\", \"SWP-1-5-Iso-130\", \"SWP-1-5-Iso-131\", \"SWP-1-5-Iso-132\", \"SWP-1-5-Iso-133\", \"SWP-1-5-Iso-134\", \"SWP-1-5-Iso-135\", \"SWP-1-5-Iso-136\", \"SWP-1-5-Iso-137\", \"SWP-1-5-Iso-138\", \"SWP-1-5-Iso-139\", \"SWP-1-5-Iso-140\", \"SWP-1-5-Iso-141\", \"SWP-1-5-Iso-142\", \"SWP-1-5-Iso-143\", \"SWP-1-5-Iso-144\", \"SWP-1-5-Iso-145\", \"SWP-1-5-Iso-146\", \"SWP-1-5-Iso-147\", \"SWP-1-5-Iso-148\", \"SWP-1-5-Iso-149\", \"SWP-1-5-Iso-150\", \"SWP-1-5-Iso-151\", \"SWP-1-5-Iso-152\", \"SWP-1-5-Iso-153\", \"SWP-1-5-Iso-154\", \"SWP-1-5-Iso-155\", \"SWP-1-5-Iso-156\", \"SWP-1-5-Iso-157\", \"SWP-1-5-Iso-158\", \"SWP-1-5-Iso-159\", \"SWP-1-5-Iso-160\", \"SWP-1-5-Iso-161\", \"SWP-1-5-Iso-162\", \"SWP-1-5-Iso-163\", \"SWP-1-5-Iso-164\", \"SWP-1-5-Iso-165\", \"SWP-1-5-Iso-166\", \"SWP-1-5-Iso-167\", \"SWP-1-5-Iso-168\", \"SWP-1-5-Iso-169\", \"SWP-1-5-Iso-170\", \"SWP-1-5-Iso-171\", \"SWP-1-5-Iso-172\", \"SWP-1-5-Iso-173\", \"SWP-1-5-Iso-174\", \"SWP-1-5-Iso-175\", \"SWP-1-5-Iso-176\", \"SWP-1-5-Iso-177\", \"SWP-1-5-Iso-178\", \"SWP-1-5-Iso-179\", \"SWP-1-5-Iso-180\", \"SWP-1-5-Iso-181\", \"SWP-1-5-Iso-182\", \"SWP-1-5-Iso-183\", \"SWP-1-5-Iso-184\"]}','{\"Depth\": [1.54927561, 2.710891775, 4.93973012, 6.16193138, 7.23135749, 8.60633391, 9.930385285, 10.84703624, 12.12016255, 13.18958866, 14.25901477, 15.32844088, 16.44879204, 17.11081772, 18.18024383, 19.19874489, 20.3700211, 21.38852215, 22.50887331, 23.37459921, 24.95327584, 25.71715164, 27.65230364, 28.36525438, 29.7402308, 30.50410659, 31.98093312, 32.79573396, 34.06886028, 34.98551123, 36.46233776, 37.48083882, 38.75396513, 39.31414071, 40.48541693, 41.19836767, 42.26779377, 43.33721988, 45.06867167, 46.23994789, 47.20752389, 48.17509989, 49.3463761, 50.36487716, 51.33245316, 52.65650453, 53.57315548, 54.9481319, 55.76293275, 56.93420896, 57.79993485, 58.97121107, 59.83693696, 61.36468855, 61.77208897, 63.80909108, 64.47111676, 65.74424308, 67.22106961, 68.54512098, 69.41084688, 70.73489825, 71.70247425, 72.36449994, 73.89225151, 74.50335218, 75.98017868, 76.64220438, 78.16995598, 78.62828143, 80.61435848, 81.17453403, 82.54951048, 83.56801153, 84.48466248, 85.70686378, 86.97999008, 87.89664103, 89.16976733, 90.23919343, 91.35954463, 92.37804563, 93.44747178, 94.46597278, 95.48447388, 96.80852528, 98.08165153, 98.64182718, 100.0677286, 100.8316044, 102.7158314, 103.5306322, 104.9056086, 105.8731846, 106.9935358, 107.8083366, 108.9286878, 109.8962638, 111.3221653, 111.5767905, 113.002692, 113.4100924, 114.7850688, 115.3452444, 116.4655956, 117.2294714, 118.3498225, 119.1646234, 120.4886747, 121.2525506, 122.5766019, 123.2386276, 124.9700794, 125.2756297, 127.3126318, 127.5672571, 129.1968588, 129.7570343, 131.2847859, 132.3542121, 133.7291885, 134.7476895, 136.4791413, 136.9883918, 138.8216937, 139.5346445, 140.8586958, 141.6225717, 142.946623, 143.8123489, 145.0345502, 146.4095266, 147.5298778, 148.4974538, 149.5159548, 150.7890812, 151.9094323, 152.9788584, 154.2519847, 155.474186, 156.3399119, 157.7148883, 158.376914, 159.7518904, 160.5157662, 161.5851923, 162.5527683, 163.6221944, 164.4369953, 165.7610467, 166.5758475, 167.8489738, 168.8674748, 169.936901, 171.1591022, 172.1266782, 173.0433292, 174.5201557, 175.9969822, 176.6080829, 178.0339843, 178.5432349, 179.9691363, 180.580237, 181.9552134, 182.6681642, 184.0431406, 184.7051663, 185.8764425, 186.8949435, 188.0152947, 188.8810206, 190.3578471, 191.1217229, 192.140224, 193.2096501, 193.9735259, 195.1957271, 196.1123781, 197.1818042, 198.0984551, 199.2697314, 200.2373073, 201.4595086]}','{\"Age\": [90.5, 152, 270.3, 341.9, 405.5, 487.1, 564.8, 619.7, 697.1, 762.2, 826.7, 891.7, 962.4, 1004.3, 1072, 1136.6, 1210.3, 1276.3, 1349, 1405.7, 1508.3, 1563, 1702.1, 1752.5, 1849.3, 1904.7, 2013.8, 2073.6, 2166.7, 2232.3, 2362.4, 2453, 2566.8, 2616.5, 2710, 2758.9, 2831.1, 2904.1, 3024.4, 3139.6, 3234.1, 3327.9, 3441.1, 3540.6, 3636.1, 3767.8, 3859.6, 3996.3, 4066.8, 4166.5, 4239.6, 4338.7, 4411.9, 4536.4, 4569.7, 4735, 4788.8, 4902, 5042.8, 5169.3, 5251.6, 5369.9, 5452.7, 5508.9, 5639.8, 5692.8, 5802.1, 5847.4, 5949.9, 5980.3, 6105.3, 6137.1, 6214.2, 6271.7, 6323.2, 6390, 6458.8, 6508.4, 6576.9, 6633.1, 6691.6, 6745.2, 6801.3, 6854.9, 6909.9, 6983.4, 7054, 7085.3, 7165.8, 7208.4, 7315.5, 7361.1, 7437.6, 7485.8, 7540.5, 7580.2, 7634.8, 7681.7, 7750.6, 7763.1, 7832.5, 7852.2, 7918.5, 7945.5, 7999.8, 8037.5, 8092.5, 8132.7, 8196.6, 8233.6, 8298.6, 8331.3, 8417.8, 8430.9, 8520.3, 8531.5, 8601.5, 8625.2, 8679.9, 8717, 8764, 8798.7, 8856.6, 8873.9, 8935.5, 8959.2, 9003.7, 9029.2, 9073.6, 9102.4, 9143, 9186, 9221.2, 9252.9, 9285.9, 9320.8, 9348.3, 9374.6, 9405.4, 9431.3, 9446.9, 9471.4, 9483, 9506.9, 9520.1, 9538.5, 9555.1, 9573.3, 9587.2, 9609.8, 9624.3, 9646.4, 9664.3, 9683.2, 9704.1, 9721.2, 9737.2, 9763.1, 9792.4, 9805.1, 9835, 9845.6, 9875, 9896.7, 9945.7, 9971.1, 10020.4, 10044, 10087.2, 10125.2, 10166.9, 10198.6, 10252, 10279.8, 10316.8, 10356, 10384, 10428.7, 10463.4, 10504.2, 10539.3, 10583.7, 10620.8, 10669.3]}','{\"max\": [373, 392.7, 461, 475.9, 490.8, 626.9, 846.6, 911.5, 1006, 1096.8, 1211.1, 1316.7, 1358.3, 1382.1, 1424.1, 1474, 1539.3, 1553.4, 1568.9, 1589.9, 1681.3, 1735.8, 2010.5, 2144.6, 2411.4, 2495, 2595.2, 2645.6, 2816.4, 2948.6, 3029.5, 3091.1, 3171.1, 3210.6, 3287.4, 3317.3, 3366.4, 3421.5, 3569.6, 3595.3, 3625, 3660, 3728.3, 3801.4, 3847.9, 3955.5, 4117.5, 4445.2, 4506.5, 4624.3, 4750.8, 4931.8, 5075.7, 5183.2, 5207.1, 5359.2, 5432.9, 5516.2, 5567.8, 5631.7, 5679.6, 5748, 5768, 5785.7, 5838.9, 5884.8, 5986.1, 6020.1, 6217.6, 6284.9, 6536.2, 6564.7, 6630.5, 6694, 6773.9, 6850.9, 6896.7, 6928, 7002.7, 7077.5, 7093.5, 7112.6, 7145.6, 7183.6, 7216.5, 7235.3, 7258.1, 7272.2, 7332.5, 7362.9, 7500.8, 7609.3, 7811.6, 7861.1, 7906.5, 7952.4, 8021.4, 8108.9, 8158.8, 8170.1, 8220.8, 8235.1, 8302.4, 8323.2, 8345.9, 8364.2, 8397.7, 8430.4, 8477.9, 8486.1, 8504.8, 8516.3, 8568.3, 8572.8, 8618.3, 8632.9, 8802.4, 8871, 8927.5, 8964.8, 9021.9, 9086.1, 9132.4, 9145.5, 9196.9, 9229.4, 9267.3, 9280.6, 9311.8, 9341.1, 9393.6, 9409, 9425.9, 9447.3, 9471.9, 9497.1, 9515.7, 9534.3, 9581.1, 9624.8, 9638.4, 9670.9, 9688.1, 9734.5, 9752.6, 9768.2, 9785.6, 9813.4, 9834.6, 9861.4, 9875.8, 9901.7, 9926.2, 9953.9, 9975, 9989, 10009.4, 10049.8, 10081.1, 10090.7, 10121.9, 10133.8, 10181.1, 10199.4, 10243.5, 10268.9, 10339.6, 10388.8, 10431, 10465, 10502.7, 10540.2, 10598.4, 10614.7, 10638.9, 10671.9, 10697.9, 10743.1, 10759.8, 10779.8, 10802.6, 10837.2, 10872, 10891.7], \"min\": [-259.4, -173.4, -70.9, 123.3, 280.4, 358, 376.3, 407, 434, 454.4, 472.4, 510, 579.7, 610.2, 658.1, 688.6, 764.1, 922.5, 1084.9, 1204.7, 1361.9, 1426.9, 1483.2, 1493.5, 1507.5, 1540.1, 1600.3, 1627.2, 1659.2, 1677.8, 1846.6, 1924.2, 1996.2, 2027.5, 2102.3, 2152.3, 2214.8, 2268.3, 2361.3, 2623.5, 2814.1, 2949.7, 3081.6, 3218.9, 3434.9, 3610.2, 3662, 3698, 3751.6, 3807.1, 3837.6, 3872.6, 3893.9, 4008.2, 4031.1, 4120.6, 4143.8, 4274.1, 4398.6, 4472.4, 4520.1, 4718.1, 4943.5, 5097.6, 5429.7, 5530.5, 5675, 5721.1, 5762, 5769.9, 5819.2, 5844.2, 5881.3, 5900.5, 5919.6, 5970.8, 6031.9, 6062.9, 6098.9, 6142.3, 6233.9, 6286.2, 6333.2, 6375.7, 6459, 6644.5, 6805.9, 6856.9, 6958.2, 7041.4, 7128.2, 7145.1, 7165.6, 7207.1, 7244.1, 7263.3, 7284.5, 7300.5, 7377.2, 7389, 7434.2, 7446.4, 7478.6, 7507.6, 7597.4, 7638.2, 7686, 7717.9, 7806.3, 7892.3, 8027.7, 8081.6, 8175.1, 8208.3, 8387.5, 8396.4, 8421.1, 8426.2, 8472.3, 8497.6, 8522.6, 8537.2, 8598.2, 8614.3, 8655, 8667.7, 8719.9, 8755.2, 8793.7, 8813.7, 8843.3, 8937.6, 9005.3, 9051.9, 9083.4, 9145, 9202.3, 9233.7, 9251.4, 9267.9, 9281.9, 9299.8, 9307.5, 9320.6, 9334.3, 9354.9, 9371.7, 9382.3, 9392.4, 9418.7, 9437.5, 9459.2, 9472.5, 9484.8, 9519, 9546.3, 9566.7, 9593.7, 9641.3, 9662.4, 9700.5, 9709.7, 9727.3, 9745.5, 9770.7, 9779.7, 9793.9, 9798.9, 9835, 9860.1, 9882.2, 9894.7, 9930.1, 9966, 10001.2, 10029.6, 10051, 10084.1, 10142.6, 10202.6, 10241.6, 10283.1, 10331, 10432], \"null\": [null, null, null, null, null, null, null, null, null, null, null, null, null, null, null, null, null, null, null, null, null, null, null, null, null, null, null, null, null, null, null, null, null, null, null, null, null, null, null, null, null, null, null, null, null, null, null, null, null, null, null, null, null, null, null, null, null, null, null, null, null, null, null, null, null, null, null, null, null, null, null, null, null, null, null, null, null, null, null, null, null, null, null, null, null, null, null, null, null, null, null, null, null, null, null, null, null, null, null, null, null, null, null, null, null, null, null, null, null, null, null, null, null, null, null, null, null, null, null, null, null, null, null, null, null, null, null, null, null, null, null, null, null, null, null, null, null, null, null, null, null, null, null, null, null, null, null, null, null, null, null, null, null, null, null, null, null, null, null, null, null, null, null, null, null, null, null, null, null, null, null, null, null, null, null, null, null, null, null, null, null, null, null, null]}',NULL),(5,'Chase_etal_2013','SWP-1-55','Pol1','Clam',0,'{\"ID\": [\"SWP-1-5-P-1\", \"SWP-1-5-P-2\", \"SWP-1-5-P-3\", \"SWP-1-5-P-4\", \"SWP-1-5-P-5\", \"SWP-1-5-P-6\", \"SWP-1-5-P-7\", \"SWP-1-5-P-8\", \"SWP-1-5-P-9\", \"SWP-1-5-P-10\", \"SWP-1-5-P-11\", \"SWP-1-5-P-12\", \"SWP-1-5-P-13\", \"SWP-1-5-P-14\", \"SWP-1-5-P-15\", \"SWP-1-5-P-16\", \"SWP-1-5-P-17\", \"SWP-1-5-P-18\", \"SWP-1-5-P-19\", \"SWP-1-5-P-20\", \"SWP-1-5-P-21\", \"SWP-1-5-P-22\", \"SWP-1-5-P-23\", \"SWP-1-5-P-24\", \"SWP-1-5-P-25\", \"SWP-1-5-P-26\", \"SWP-1-5-P-27\", \"SWP-1-5-P-28\", \"SWP-1-5-P-29\", \"SWP-1-5-P-30\", \"SWP-1-5-P-31\", \"SWP-1-5-P-32\", \"SWP-1-5-P-33\", \"SWP-1-5-P-34\", \"SWP-1-5-P-35\", \"SWP-1-5-P-36\", \"SWP-1-5-P-37\", \"SWP-1-5-P-38\", \"SWP-1-5-P-39\", \"SWP-1-5-P-40\", \"SWP-1-5-P-41\", \"SWP-1-5-P-42\", \"SWP-1-5-P-43\", \"SWP-1-5-P-44\", \"SWP-1-5-P-45\"]}','{\"Depth\": [9.87946023, 13.24051371, 17.16174278, 20.98112173, 25.25882616, 29.02728006, 33.45775965, 37.93916429, 42.62426914, 47.30937399, 51.89262874, 56.7814338, 60.80451297, 65.03129234, 69.8182473, 74.40150204, 78.42458123, 82.04025998, 85.85963893, 89.52624268, 93.90579728, 98.48905198, 103.1232318, 107.0953859, 110.6601396, 114.7850689, 119.2155484, 123.646028, 127.6691072, 132.5069872, 136.9883919, 140.960546, 145.1873253, 149.66873, 154.2519847, 158.8352394, 163.8258946, 168.1545241, 172.7887039, 176.8117831, 180.9876374, 185.3671919, 189.5939713, 194.2790762, 199.0151061]}','{\"Age\": [566.9, 777.6, 1011.1, 1238.6, 1524.1, 1865.2, 2209.5, 2587.7, 2980.3, 3334.5, 3694.5, 4118.9, 4480.6, 4878.5, 5238, 5679, 5962.8, 6176.1, 6389.3, 6605.5, 6839.4, 7079.7, 7336.2, 7548.7, 7729.1, 7933.5, 8140.6, 8356.4, 8532, 8713.4, 8864.4, 8996.4, 9139.6, 9288.1, 9405.8, 9489.7, 9577, 9651.6, 9729, 9806.4, 9913.9, 10072.2, 10226.4, 10399.2, 10578.7]}','{\"max\": [819.3, 1108.6, 1377.5, 1525.9, 1691.3, 2398.9, 2837.4, 3154, 3463.9, 3647.6, 3870.5, 4560, 5174.7, 5503.8, 5724.9, 5868.1, 6275.8, 6615.7, 6839.7, 7016.1, 7146.4, 7276.1, 7541.6, 7887.7, 8157.9, 8306, 8433.5, 8528.5, 8641.1, 8961, 9147.6, 9262.3, 9381, 9476.6, 9585.7, 9701.2, 9819.4, 9915.9, 10011.7, 10089.7, 10205.3, 10437.3, 10570.2, 10715.1, 10836.6], \"min\": [374.6, 497.7, 665.2, 912.4, 1396, 1510.9, 1674.5, 2000.7, 2387.8, 2885.6, 3548.1, 3772.8, 3945.2, 4156.8, 4506.4, 5501.9, 5761.5, 5858.6, 5987.4, 6128.6, 6443.7, 6860.5, 7146.5, 7263, 7368.3, 7509.2, 7749.7, 8123.8, 8397.1, 8494.1, 8609.4, 8716.5, 8847.1, 9073.9, 9255, 9308.6, 9385.5, 9462.8, 9552.9, 9663.9, 9753.2, 9813, 9905.2, 10071.5, 10294.1], \"null\": [null, null, null, null, null, null, null, null, null, null, null, null, null, null, null, null, null, null, null, null, null, null, null, null, null, null, null, null, null, null, null, null, null, null, null, null, null, null, null, null, null, null, null, null, null]}',NULL);
/*!40000 ALTER TABLE `Chronology` ENABLE KEYS */;
UNLOCK TABLES;

--
-- Table structure for table `Dataset`
--

DROP TABLE IF EXISTS `Dataset`;
/*!40101 SET @saved_cs_client     = @@character_set_client */;
/*!40101 SET character_set_client = utf8 */;
CREATE TABLE `Dataset` (
  `Dataset_ID` int(10) NOT NULL,
  `Site_Name` varchar(30) NOT NULL,
  `Citation_Key` varchar(70) NOT NULL,
  `Proxy` varchar(50) NOT NULL,
  `Digitized` tinyint(1) NOT NULL,
  `dataset` json DEFAULT NULL,
  `Uncertainties` json DEFAULT NULL,
  `Metadata` json DEFAULT NULL,
  PRIMARY KEY (`Site_Name`,`Citation_Key`,`Proxy`),
  KEY `Dataset_Index` (`Dataset_ID`)
) ENGINE=InnoDB DEFAULT CHARSET=latin1;
/*!40101 SET character_set_client = @saved_cs_client */;

--
-- Dumping data for table `Dataset`
--

LOCK TABLES `Dataset` WRITE;
/*!40000 ALTER TABLE `Dataset` DISABLE KEYS */;
INSERT INTO `Dataset` VALUES (1,'SWP-1-5','Chase_etal_2013','d13C',0,'{\"d13C\": [-24.11092421, -24.4499983, -24.70601061, -24.27477209, -24.47503061, -24.56491938, -24.14050786, -24.44886047, -24.2679451, -23.93000884, -24.25770461, -23.98348697, -24.09158106, -24.03582727, -24.43634431, -23.90156303, -24.01875978, -24.30435574, -24.11319988, -24.41586332, -24.06286699, -24.17171536, -23.32240629, -24.05517042, -23.91294136, -24.10409722, -24.20755514, -24.03665109, -24.02092155, -24.04606776, -24.1314052, -24.24518845, -24.21387056, -24.27477209, -23.97324648, -24.14505919, -24.43748214, -24.01987291, -23.95162766, -24.25315328, -24.07440198, -23.91294136, -23.74681781, -23.6273454, -23.711545, -23.8153889, -23.86515239, -24.02558677, -23.88564751, -24.08488834, -23.86173889, -23.91186341, -23.87267714, -24.44142457, -24.01193278, -24.3082478, -24.4465848, -24.39538234, -24.40577095, -24.59905436, -23.94751703, -24.51257909, -24.41131199, -24.53055863, -24.60081724, -24.53306007, -24.60291451, -24.72455628, -24.42045185, -24.96088509, -25.09287366, -24.31768553, -24.70358356, -24.6809783, -24.57460134, -24.90911621, -24.50347643, -24.72080244, -24.90285564, -24.63227632, -25.04543889, -24.90387303, -25.17546975, -25.22827573, -25.17651838, -25.34092115, -25.314751, -25.12928431, -25.30445197, -25.0485848, -25.16910844, -25.24048518, -25.25621472, -25.24048518, -25.4072183, -25.26355517, -25.48883938, -25.45755282, -25.59702141, -25.49452854, -25.58024323, -25.61627662, -25.73334408, -25.63791821, -25.91685538, -25.3547865, -25.7920677, -25.50788735, -26.06226405, -25.91475811, -25.85813176, -25.85183995, -25.95670355, -25.42294784, -26.18320892, -26.03010806, -25.82142951, -25.35688377, -25.72850605, -25.49844963, -25.55612461, -25.73858726, -25.78472725, -25.71237136, -25.86232631, -25.85393722, -25.8853963, -25.81618633, -25.55088143, -25.97469386, -25.74383044, -25.85288858, -26.0720535, -25.67147456, -26.00703807, -25.20588019, -25.61484822, -24.98356937, -25.32542469, -25.36212695, -25.64735593, -26.03535124, -26.01123262, -25.87700721, -25.9000772, -25.73019818, -25.71237136, -25.79521361, -25.71866318, -25.82930545, -26.33554242, -26.11042376, -26.59650086, -26.3377824, -26.0869039, -26.36690223, -26.23586301, -25.83378542, -25.40370799, -25.76546583, -26.13170364, -26.16306345, -26.07906395, -26.00626439, -25.28946867, -25.62770665, -25.61762671, -25.8707452, -25.95810468, -25.56498703, -25.50450739, -25.34658833, -25.44850772, -25.47762755, -25.08786988, -25.43842778, -25.14498954, -25.39810802, -25.41714791, -25.6859463, -26.21010317, -25.91442494, -26.1384236, -26.29298267]}',NULL,NULL),(0,'SWP-1-5','Chase_etal_2013','d15N',0,'{\"d15N\": [3.877531775, 3.907309566, 3.387261723, 4.163611263, 3.456388737, 3.441499841, 4.632611465, 4.022166758, 3.649944376, 4.173182696, 4.0019604, 3.730769807, 3.949849267, 3.900928611, 3.384071245, 4.484786005, 4.474151079, 4.02323025, 4.343341499, 3.837119059, 4.516033128, 4.221515059, 4.490103467, 3.973246102, 4.208277949, 3.905182581, 3.866726461, 4.221325667, 4.563566589, 4.195516039, 4.307182754, 4.265706545, 4.35336306, 4.274214485, 4.831484566, 4.466706632, 4.369928812, 4.354419359, 4.418849468, 3.61378563, 4.56251029, 4.417785976, 4.813405194, 5.015468773, 4.660262271, 5.329383465, 4.719817852, 4.947405251, 4.980804749, 4.794896101, 5.222849814, 5.002987031, 4.730927942, 5.611415336, 4.815532179, 4.32906818, 4.350785947, 4.405024065, 4.386108333, 4.015785803, 5.037844903, 4.581563824, 4.917627461, 5.227978748, 5.072702774, 4.668770211, 5.245935833, 5.246992133, 5.349453149, 5.090976742, 4.400770095, 4.600537059, 4.275196924, 4.995262415, 4.932214989, 4.695603981, 5.595072196, 5.029294175, 5.8790247, 5.522686208, 4.200199685, 4.553003597, 4.493850846, 4.223166844, 4.687153588, 4.278468455, 3.64356342, 3.640372943, 3.246361561, 3.552688312, 3.837119059, 3.720639875, 4.199143386, 4.367094949, 4.274140624, 6.162803487, 3.435118886, 4.45159888, 4.103020164, 4.581563824, 3.676275311, 4.204023979, 3.571701696, 4.278365821, 2.396040753, 4.291041411, 3.152350938, 4.337518573, 2.327897107, 3.691063499, 2.628426564, 2.980174178, 3.513605244, 4.400896521, 2.881938358, 3.470296979, 3.170308023, 4.592086666, 3.442039213, 4.35336306, 3.931899703, 3.681556807, 3.360441868, 4.055486703, 3.929787105, 3.526280833, 3.544237919, 3.241080065, 3.900210729, 3.49573796, 3.955138284, 4.09562607, 3.868521755, 4.130483941, 3.28438833, 4.001615446, 3.54212532, 3.895985532, 3.585433585, 4.473781162, 3.0762974, 3.983658361, 2.875600563, 3.894929233, 2.876656862, 3.755497747, 3.779792627, 3.131224955, 3.686838303, 3.271528872, 4.150557339, 2.882850019, 4.022409816, 3.795768741, 3.98534235, 3.396499184, 2.973930077, 3.496051805, 3.942979533, 3.98534235, 5.214923135, 4.776467971, 4.46298312, 3.438862002, 4.736223295, 4.436506359, 4.752109351, 4.275527652, 4.489459881, 4.999931835, 5.96792222, 5.34624787, 5.086775611, 6.097128814, 6.702917108, 5.337775306, 6.723039446, 4.791294958, 5.597247565, 3.689861697, 3.88896694, 3.416621522, 3.670798429, 3.189980447]}',NULL,NULL),(2,'SWP-1-5','Chase_etal_2013','Pollen',0,'{\"Euclea\": [0, 0, 0, 0, 0.737100737, 0.495049505, 0.733496333, 0, 0.25, 0.49382716, 0, 1.210653753, 0.242718447, 0.97799511, 0.735294118, 0.242718447, 0.733496333, 0.484261501, 0.488997555, 0.735294118, 0.487804878, 0.488997555, 0.245098039, 0.247524752, 0.244498778, 0.486618005, 0, 0, 0, 0.486618005, 0, 0, 0.243309002, 0.242130751, 0.240963855, 1.678657074, 0, 0.483091787, 0, 0.242718447, 0, 1.225490196, 0, 0, 0.966183575], \"Protea\": [3.950617284, 3.931203931, 4.166666667, 1.946472019, 0.982800983, 3.712871287, 5.623471883, 6.37254902, 8.25, 4.444444444, 5.185185185, 3.87409201, 2.427184466, 0.97799511, 0.980392157, 0.970873786, 0.488997555, 0.968523002, 0.488997555, 1.470588235, 0.243902439, 1.222493888, 0.980392157, 1.237623762, 1.222493888, 0.729927007, 0.726392252, 0.481927711, 0.242130751, 0.243309002, 1.225490196, 1.216545012, 0.486618005, 0.968523002, 1.686746988, 0.239808153, 0.721153846, 0, 0.491400491, 0.485436893, 0.959232614, 0.245098039, 0.712589074, 1.937046005, 2.173913043], \"Colpoon\": [0, 0, 0, 0, 0.491400491, 0, 0.244498778, 0, 0, 0, 0, 0, 0, 0, 0, 0, 0, 0, 0, 0.245098039, 0, 0, 0.245098039, 0.247524752, 0, 0.243309002, 0, 0, 0.242130751, 0.486618005, 1.225490196, 0.729927007, 1.459854015, 0.726392252, 0.481927711, 2.158273381, 0.961538462, 0.724637681, 2.457002457, 0.72815534, 0.239808153, 0.245098039, 0.475059382, 0, 0], \"Apiaceae\": [0.49382716, 0, 0, 0, 0.491400491, 0, 0, 0.245098039, 0, 0.49382716, 0.24691358, 0, 0.242718447, 0, 0, 0, 0.244498778, 0, 0, 0, 0, 0, 0, 0, 0, 0, 0, 0, 0, 0, 0, 0.243309002, 0, 0, 0, 0, 0, 0, 0, 0, 0.239808153, 0, 0.237529691, 0.242130751, 0], \"Dodonaea\": [1.481481481, 0.491400491, 1.715686275, 1.703163017, 1.228501229, 2.227722772, 0.244498778, 0.490196078, 0, 0.49382716, 0.24691358, 0.484261501, 0.242718447, 0, 0.245098039, 0, 0.244498778, 0.242130751, 0, 0, 0.243902439, 0, 0.245098039, 0.247524752, 0.733496333, 0.729927007, 0, 0, 1.937046005, 0.486618005, 1.960784314, 3.406326034, 0.97323601, 0, 0.722891566, 1.199040767, 1.442307692, 2.415458937, 1.228501229, 0, 0.239808153, 0.980392157, 1.425178147, 1.937046005, 1.93236715], \"Fabaceae\": [1.234567901, 0, 0, 0, 0, 0.495049505, 0, 0, 0, 0.24691358, 0.24691358, 0, 0.242718447, 0.244498778, 0.245098039, 0, 0, 0, 0, 0, 0, 0, 0, 0.247524752, 0.244498778, 0, 0.484261501, 0.240963855, 0.484261501, 0.243309002, 0.980392157, 0.243309002, 0, 0, 0.481927711, 0, 0, 0, 0, 0.242718447, 0, 0, 0, 0, 0.241545894], \"Rutaceae\": [1.481481481, 1.474201474, 0.735294118, 0.97323601, 1.71990172, 2.475247525, 1.466992665, 2.450980392, 1, 0.987654321, 2.469135802, 0.484261501, 0.970873786, 2.444987775, 1.960784314, 0.72815534, 0.488997555, 0.726392252, 0.97799511, 0.980392157, 0.243902439, 2.689486553, 0.980392157, 1.237623762, 1.222493888, 1.216545012, 1.937046005, 0.240963855, 1.694915254, 1.459854015, 1.225490196, 1.216545012, 2.919708029, 2.421307506, 0.722891566, 1.438848921, 2.163461538, 1.93236715, 1.71990172, 2.669902913, 1.438848921, 2.696078431, 2.375296912, 3.87409201, 2.657004831], \"Agathosma\": [0.740740741, 0.245700246, 1.960784314, 0.729927007, 0.491400491, 0.247524752, 0.488997555, 0.490196078, 0, 0.49382716, 0.24691358, 1.452784504, 0.970873786, 0.244498778, 0.735294118, 0.72815534, 0.733496333, 0.242130751, 0.244498778, 0, 0.243902439, 0, 0.245098039, 0, 0.244498778, 0, 0, 0.240963855, 0, 0.243309002, 0, 0.243309002, 0, 0, 0.481927711, 0.239808153, 1.442307692, 0, 0.245700246, 0, 0, 0, 0, 0, 0], \"Aizoaceae\": [1.481481481, 0.982800983, 0.980392157, 2.676399027, 0.737100737, 0.99009901, 1.95599022, 0.980392157, 1.5, 0.987654321, 1.234567901, 0, 1.213592233, 1.466992665, 1.470588235, 1.213592233, 1.711491443, 1.694915254, 0.244498778, 0.735294118, 0.487804878, 0.488997555, 0.245098039, 0.247524752, 0.244498778, 0.243309002, 0.484261501, 0.240963855, 0, 0.486618005, 0.245098039, 0.729927007, 0, 0.484261501, 0.722891566, 0.239808153, 1.682692308, 0, 0.982800983, 0.242718447, 0.479616307, 0.980392157, 0.475059382, 0.242130751, 0.483091787], \"Artemisia\": [1.975308642, 0.982800983, 2.450980392, 0.97323601, 1.474201474, 1.237623762, 0.97799511, 2.205882353, 1, 0.24691358, 0.987654321, 1.452784504, 1.213592233, 1.711491443, 2.205882353, 2.427184466, 2.200488998, 2.421307506, 0.733496333, 0.735294118, 1.707317073, 2.689486553, 0.735294118, 1.237623762, 1.711491443, 0.97323601, 0.242130751, 0.963855422, 0.968523002, 1.459854015, 0.490196078, 0.729927007, 1.703163017, 0.242130751, 0.481927711, 0.959232614, 0, 0.241545894, 1.474201474, 0.485436893, 0.71942446, 2.205882353, 0.950118765, 1.210653753, 0.483091787], \"Ericaceae\": [1.481481481, 3.43980344, 4.901960784, 3.163017032, 2.457002457, 3.217821782, 4.156479218, 2.941176471, 2.75, 4.938271605, 5.679012346, 6.053268765, 2.669902913, 4.645476773, 3.676470588, 5.339805825, 4.400977995, 2.421307506, 2.93398533, 3.676470588, 2.682926829, 3.91198044, 3.431372549, 3.712871287, 3.178484108, 3.163017032, 2.179176755, 2.168674699, 3.389830508, 3.163017032, 3.921568627, 3.163017032, 2.189781022, 1.210653753, 2.168674699, 1.918465228, 1.442307692, 1.690821256, 2.702702703, 2.427184466, 3.357314149, 4.166666667, 4.275534442, 4.358353511, 3.8647343], \"Rubiaceae\": [0, 0, 0, 0, 0, 0, 0, 0.245098039, 0.25, 0.49382716, 0, 0.484261501, 0, 0.244498778, 0, 0, 0.244498778, 0, 0, 0, 0, 0, 0, 0.247524752, 0, 0.243309002, 0, 0, 0, 0, 0, 0, 0.243309002, 0.242130751, 0, 0, 0, 0.241545894, 0, 0.485436893, 0, 0, 0.475059382, 0.242130751, 0], \"Cliffortia\": [0.740740741, 0.737100737, 0.245098039, 1.703163017, 0.491400491, 0.495049505, 1.222493888, 0.490196078, 0.75, 0.740740741, 0.49382716, 0.484261501, 0, 0, 0.735294118, 0.242718447, 0.733496333, 0.726392252, 0.488997555, 1.960784314, 1.463414634, 0.244498778, 0.245098039, 0.247524752, 0.97799511, 0, 1.210653753, 0.240963855, 0.726392252, 1.216545012, 1.225490196, 0.243309002, 1.216545012, 1.210653753, 0.963855422, 0.239808153, 0.961538462, 0.724637681, 0.491400491, 0.242718447, 1.678657074, 1.470588235, 0.712589074, 0.726392252, 1.690821256], \"Lobostemon\": [0.49382716, 0.491400491, 1.225490196, 0, 3.194103194, 0.742574257, 0.488997555, 0.490196078, 0.75, 0.987654321, 1.481481481, 1.210653753, 0, 0.244498778, 1.470588235, 0.970873786, 2.200488998, 0.968523002, 0.733496333, 0.490196078, 1.219512195, 1.711491443, 1.225490196, 0.495049505, 0.244498778, 0, 1.694915254, 1.204819277, 0, 0.486618005, 0.980392157, 0.243309002, 0.97323601, 3.147699758, 0.481927711, 0.959232614, 0.480769231, 0.483091787, 0.245700246, 0, 0, 0, 0, 0.242130751, 0], \"Rhamnaceae\": [0.24691358, 0.737100737, 0.735294118, 0, 0, 0, 0, 0, 0, 0, 0, 0, 0.242718447, 0, 0.245098039, 0, 0, 0, 0, 0.245098039, 0, 1.222493888, 0, 0, 1.222493888, 0.243309002, 1.694915254, 1.445783133, 0.484261501, 0.486618005, 0.980392157, 0.729927007, 0, 0.484261501, 0.240963855, 0.71942446, 0.721153846, 0.241545894, 0, 0.72815534, 0, 0, 0, 0, 0], \"Urticaceae\": [0.24691358, 0, 0, 0.243309002, 0.491400491, 0, 0.244498778, 0, 0, 0, 0.24691358, 0, 0.485436893, 0, 0, 0, 0, 0.726392252, 0.488997555, 0.490196078, 0, 0, 0, 0, 0, 1.703163017, 0.484261501, 0, 0.242130751, 0.97323601, 0.980392157, 0.486618005, 0.97323601, 0.968523002, 0, 0, 0, 0, 0, 0, 0, 0, 0, 0, 0], \"Selago type\": [0.24691358, 0.491400491, 0.245098039, 0.486618005, 0.737100737, 0, 0, 0.245098039, 0, 0, 0, 0, 0, 0.244498778, 0.980392157, 0, 0, 0, 0, 0, 0.487804878, 0, 0, 0, 0.244498778, 0, 0.242130751, 0.722891566, 0.242130751, 0.243309002, 0.490196078, 0, 0, 0.484261501, 1.204819277, 0.479616307, 0.240384615, 0.241545894, 0, 0.242718447, 0, 0, 0, 0.242130751, 0.724637681], \"Stoebe type\": [11.85185185, 9.582309582, 13.23529412, 13.86861314, 11.54791155, 6.435643564, 8.80195599, 7.598039216, 4.75, 4.938271605, 8.395061728, 6.295399516, 3.883495146, 5.378973105, 7.352941176, 8.009708738, 7.82396088, 7.99031477, 8.80195599, 10.04901961, 13.17073171, 10.51344743, 8.578431373, 6.930693069, 9.535452323, 10.4622871, 8.474576271, 20.72289157, 8.958837772, 11.19221411, 8.823529412, 8.515815085, 7.299270073, 13.07506053, 10.36144578, 13.66906475, 14.66346154, 10.86956522, 10.31941032, 19.41747573, 16.78657074, 16.91176471, 16.152019, 18.1598063, 21.01449275], \"Celastraceae\": [0.24691358, 0.491400491, 0.980392157, 0, 0.245700246, 0.742574257, 0, 0.245098039, 0.5, 0.740740741, 0.49382716, 0, 0.485436893, 0.97799511, 0.490196078, 0.242718447, 0.488997555, 0.242130751, 0.244498778, 1.960784314, 0, 0.244498778, 0.490196078, 0.247524752, 0.244498778, 0, 0.726392252, 1.204819277, 0.726392252, 0, 0, 0.729927007, 1.703163017, 0.968523002, 0.963855422, 0, 0.480769231, 1.449275362, 0.737100737, 0.970873786, 0.71942446, 0.490196078, 0.475059382, 2.179176755, 1.93236715], \"Crassulaceae\": [2.222222222, 1.71990172, 2.941176471, 1.459854015, 3.43980344, 0.99009901, 0.733496333, 1.470588235, 0.75, 0.987654321, 0.987654321, 1.452784504, 1.45631068, 1.711491443, 0.980392157, 0.970873786, 1.711491443, 0.726392252, 0.733496333, 0.490196078, 0.487804878, 0.244498778, 0.735294118, 0.495049505, 0.244498778, 1.216545012, 0.242130751, 0, 0.242130751, 0.729927007, 0, 0.486618005, 1.703163017, 0.726392252, 0.240963855, 1.199040767, 1.442307692, 0.724637681, 0.737100737, 0, 1.438848921, 0.245098039, 0.237529691, 0.484261501, 0.724637681], \"Pentzia type\": [0.740740741, 0, 0.735294118, 0.486618005, 0, 0.495049505, 0.488997555, 0, 0.25, 0.49382716, 0.24691358, 0, 0.72815534, 1.95599022, 0.735294118, 0, 0.488997555, 0.726392252, 0.488997555, 0.245098039, 0.487804878, 0.488997555, 0.735294118, 2.227722772, 1.466992665, 2.919708029, 5.326876513, 4.337349398, 5.326876513, 2.919708029, 1.470588235, 4.379562044, 7.055961071, 7.263922518, 5.78313253, 7.673860911, 9.134615385, 6.52173913, 5.651105651, 8.009708738, 5.275779376, 3.921568627, 4.513064133, 7.748184019, 4.106280193], \"Restionaceae\": [16.54320988, 20.39312039, 16.42156863, 20.68126521, 18.67321867, 18.56435644, 16.38141809, 20.09803922, 21.25, 21.72839506, 20.24691358, 16.94915254, 17.96116505, 11.73594132, 14.95098039, 18.2038835, 16.87041565, 19.1283293, 20.04889976, 18.1372549, 15.6097561, 16.87041565, 19.60784314, 22.27722772, 22.24938875, 19.22141119, 19.85472155, 24.81927711, 31.47699758, 23.11435523, 20.58823529, 15.81508516, 18.97810219, 22.03389831, 23.61445783, 19.66426859, 18.02884615, 23.91304348, 27.51842752, 12.62135922, 16.30695444, 22.79411765, 25.89073634, 15.25423729, 21.49758454], \"Ruschia type\": [2.716049383, 1.965601966, 0.980392157, 2.676399027, 1.228501229, 0.99009901, 1.711491443, 1.715686275, 1.25, 0.24691358, 2.469135802, 1.937046005, 0.72815534, 0.97799511, 1.715686275, 1.941747573, 0.97799511, 1.694915254, 0.97799511, 0.980392157, 0.487804878, 0.733496333, 1.470588235, 0.99009901, 0.733496333, 1.703163017, 0.242130751, 3.13253012, 0.484261501, 1.459854015, 1.225490196, 0.243309002, 1.459854015, 0.726392252, 2.409638554, 1.438848921, 0.240384615, 0.966183575, 0.737100737, 0.970873786, 1.438848921, 0.245098039, 0.712589074, 0.968523002, 1.207729469], \"Anacardiaceae\": [0.49382716, 0.245700246, 0, 0.97323601, 0.491400491, 0.495049505, 0.488997555, 0.245098039, 0.75, 0.49382716, 0.24691358, 0.242130751, 0.485436893, 1.711491443, 1.225490196, 0.970873786, 0.97799511, 0.726392252, 0.733496333, 0.245098039, 0.243902439, 1.222493888, 0.245098039, 0.742574257, 0, 0, 0.242130751, 1.445783133, 0.484261501, 0.97323601, 0, 0.486618005, 0.486618005, 0.484261501, 0.481927711, 1.199040767, 0.480769231, 0.724637681, 0.737100737, 2.184466019, 0.959232614, 1.470588235, 0.475059382, 0.242130751, 0.241545894], \"Campanulaceae\": [0.49382716, 0.491400491, 0.735294118, 0.243309002, 0.982800983, 0.99009901, 0.488997555, 0.980392157, 0.5, 0.987654321, 0.987654321, 1.694915254, 2.427184466, 0, 0.735294118, 2.669902913, 0.488997555, 1.694915254, 0.488997555, 0.490196078, 0.487804878, 0.97799511, 0.245098039, 0.247524752, 0.488997555, 0, 0.484261501, 1.204819277, 0.726392252, 0.486618005, 0.490196078, 0.243309002, 0.243309002, 0.242130751, 0.963855422, 0, 0.721153846, 0.483091787, 0.245700246, 0, 0.479616307, 0, 0.237529691, 0, 0.241545894], \"Hirpicium type\": [0.24691358, 0.245700246, 0.245098039, 0.243309002, 0.245700246, 0, 0.488997555, 0.735294118, 0.25, 0.49382716, 0, 0, 0.242718447, 0, 0.490196078, 0.242718447, 0.733496333, 0.242130751, 0.244498778, 0.245098039, 0.975609756, 0.733496333, 1.225490196, 0.495049505, 0.244498778, 0.729927007, 0.242130751, 0, 0.484261501, 0.243309002, 0.490196078, 0.486618005, 0.729927007, 0.242130751, 0.722891566, 0.239808153, 0.480769231, 0.241545894, 0.245700246, 0.485436893, 0, 0, 0.237529691, 0.726392252, 0.483091787], \"Erica ericoides\": [0.740740741, 0.982800983, 1.470588235, 1.216545012, 0.982800983, 0.99009901, 2.444987775, 1.225490196, 1.75, 0.740740741, 1.234567901, 0.726392252, 2.427184466, 1.222493888, 1.225490196, 2.184466019, 5.378973105, 1.452784504, 1.222493888, 3.18627451, 2.682926829, 2.200488998, 5.637254902, 1.98019802, 4.156479218, 5.839416058, 7.748184019, 2.409638554, 3.147699758, 3.406326034, 2.450980392, 1.703163017, 2.189781022, 0, 0.722891566, 2.158273381, 1.201923077, 0.724637681, 2.211302211, 1.213592233, 0.959232614, 2.205882353, 1.662707838, 3.147699758, 1.690821256], \"Anthospermum type\": [3.703703704, 3.43980344, 4.901960784, 4.622871046, 4.422604423, 4.455445545, 4.156479218, 3.921568627, 5, 5.185185185, 7.160493827, 4.842615012, 7.281553398, 8.80195599, 7.598039216, 6.796116505, 5.86797066, 4.842615012, 7.579462103, 7.598039216, 8.292682927, 6.112469438, 12.00980392, 9.900990099, 7.82396088, 7.785888078, 5.811138015, 3.13253012, 4.358353511, 6.082725061, 5.392156863, 4.622871046, 5.352798054, 3.631961259, 3.13253012, 1.438848921, 2.644230769, 1.690821256, 3.931203931, 6.796116505, 7.434052758, 8.088235294, 4.513064133, 7.021791768, 5.555555556], \"Chenopodiaceae type\": [1.975308642, 0.982800983, 1.715686275, 2.189781022, 1.474201474, 1.237623762, 2.200488998, 1.960784314, 1, 2.716049383, 1.481481481, 1.210653753, 1.213592233, 0.488997555, 1.715686275, 1.699029126, 0.488997555, 1.452784504, 0.733496333, 0.245098039, 0.975609756, 0.488997555, 0.245098039, 0.495049505, 0.733496333, 0.729927007, 0.484261501, 0, 0, 0.97323601, 0, 0, 0, 0, 0.240963855, 0, 0.480769231, 0.483091787, 1.228501229, 1.213592233, 1.199040767, 0, 0.237529691, 0, 0]}',NULL,NULL),(3,'SWP-1-5','Chase_etal_2013','Recons',0,'{\"TmeanAnn\": [0.740740741, 0.245700246, 1.960784314, 0.729927007, 0.491400491, 0.247524752, 0.488997555, 0.490196078, 0, 0.49382716, 0.24691358, 1.452784504, 0.970873786, 0.244498778, 0.735294118, 0.72815534, 0.733496333, 0.242130751, 0.244498778, 0, 0.243902439, 0, 0.245098039, 0, 0.244498778, 0, 0, 0.240963855, 0, 0.243309002, 0, 0.243309002, 0, 0, 0.481927711, 0.239808153, 1.442307692, 0, 0.245700246, 0, 0, 0, 0, 0, 0]}','{\"max95\": [0.49382716, 0.245700246, 0, 0.97323601, 0.491400491, 0.495049505, 0.488997555, 0.245098039, 0.75, 0.49382716, 0.24691358, 0.242130751, 0.485436893, 1.711491443, 1.225490196, 0.970873786, 0.97799511, 0.726392252, 0.733496333, 0.245098039, 0.243902439, 1.222493888, 0.245098039, 0.742574257, 0, 0, 0.242130751, 1.445783133, 0.484261501, 0.97323601, 0, 0.486618005, 0.486618005, 0.484261501, 0.481927711, 1.199040767, 0.480769231, 0.724637681, 0.737100737, 2.184466019, 0.959232614, 1.470588235, 0.475059382, 0.242130751, 0.241545894], \"min95\": [1.481481481, 0.982800983, 0.980392157, 2.676399027, 0.737100737, 0.99009901, 1.95599022, 0.980392157, 1.5, 0.987654321, 1.234567901, 0, 1.213592233, 1.466992665, 1.470588235, 1.213592233, 1.711491443, 1.694915254, 0.244498778, 0.735294118, 0.487804878, 0.488997555, 0.245098039, 0.247524752, 0.244498778, 0.243309002, 0.484261501, 0.240963855, 0, 0.486618005, 0.245098039, 0.729927007, 0, 0.484261501, 0.722891566, 0.239808153, 1.682692308, 0, 0.982800983, 0.242718447, 0.479616307, 0.980392157, 0.475059382, 0.242130751, 0.483091787]}',NULL),(9,'SWP-1-5','Chase_etal_2014','d13C',0,'{\"d13C\": [-24.11092421, -24.4499983, -24.70601061, -24.27477209, -24.47503061, -24.56491938, -24.14050786, -24.44886047, -24.2679451, -23.93000884, -24.25770461, -23.98348697, -24.09158106, -24.03582727, -24.43634431, -23.90156303, -24.01875978, -24.30435574, -24.11319988, -24.41586332, -24.06286699, -24.17171536, -23.32240629, -24.05517042, -23.91294136, -24.10409722, -24.20755514, -24.03665109, -24.02092155, -24.04606776, -24.1314052, -24.24518845, -24.21387056, -24.27477209, -23.97324648, -24.14505919, -24.43748214, -24.01987291, -23.95162766, -24.25315328, -24.07440198, -23.91294136, -23.74681781, -23.6273454, -23.711545, -23.8153889, -23.86515239, -24.02558677, -23.88564751, -24.08488834, -23.86173889, -23.91186341, -23.87267714, -24.44142457, -24.01193278, -24.3082478, -24.4465848, -24.39538234, -24.40577095, -24.59905436, -23.94751703, -24.51257909, -24.41131199, -24.53055863, -24.60081724, -24.53306007, -24.60291451, -24.72455628, -24.42045185, -24.96088509, -25.09287366, -24.31768553, -24.70358356, -24.6809783, -24.57460134, -24.90911621, -24.50347643, -24.72080244, -24.90285564, -24.63227632, -25.04543889, -24.90387303, -25.17546975, -25.22827573, -25.17651838, -25.34092115, -25.314751, -25.12928431, -25.30445197, -25.0485848, -25.16910844, -25.24048518, -25.25621472, -25.24048518, -25.4072183, -25.26355517, -25.48883938, -25.45755282, -25.59702141, -25.49452854, -25.58024323, -25.61627662, -25.73334408, -25.63791821, -25.91685538, -25.3547865, -25.7920677, -25.50788735, -26.06226405, -25.91475811, -25.85813176, -25.85183995, -25.95670355, -25.42294784, -26.18320892, -26.03010806, -25.82142951, -25.35688377, -25.72850605, -25.49844963, -25.55612461, -25.73858726, -25.78472725, -25.71237136, -25.86232631, -25.85393722, -25.8853963, -25.81618633, -25.55088143, -25.97469386, -25.74383044, -25.85288858, -26.0720535, -25.67147456, -26.00703807, -25.20588019, -25.61484822, -24.98356937, -25.32542469, -25.36212695, -25.64735593, -26.03535124, -26.01123262, -25.87700721, -25.9000772, -25.73019818, -25.71237136, -25.79521361, -25.71866318, -25.82930545, -26.33554242, -26.11042376, -26.59650086, -26.3377824, -26.0869039, -26.36690223, -26.23586301, -25.83378542, -25.40370799, -25.76546583, -26.13170364, -26.16306345, -26.07906395, -26.00626439, -25.28946867, -25.62770665, -25.61762671, -25.8707452, -25.95810468, -25.56498703, -25.50450739, -25.34658833, -25.44850772, -25.47762755, -25.08786988, -25.43842778, -25.14498954, -25.39810802, -25.41714791, -25.6859463, -26.21010317, -25.91442494, -26.1384236, -26.29298267]}',NULL,NULL),(8,'SWP-1-5','Chase_etal_2014','d15N',0,'{\"d15N\": [3.877531775, 3.907309566, 3.387261723, 4.163611263, 3.456388737, 3.441499841, 4.632611465, 4.022166758, 3.649944376, 4.173182696, 4.0019604, 3.730769807, 3.949849267, 3.900928611, 3.384071245, 4.484786005, 4.474151079, 4.02323025, 4.343341499, 3.837119059, 4.516033128, 4.221515059, 4.490103467, 3.973246102, 4.208277949, 3.905182581, 3.866726461, 4.221325667, 4.563566589, 4.195516039, 4.307182754, 4.265706545, 4.35336306, 4.274214485, 4.831484566, 4.466706632, 4.369928812, 4.354419359, 4.418849468, 3.61378563, 4.56251029, 4.417785976, 4.813405194, 5.015468773, 4.660262271, 5.329383465, 4.719817852, 4.947405251, 4.980804749, 4.794896101, 5.222849814, 5.002987031, 4.730927942, 5.611415336, 4.815532179, 4.32906818, 4.350785947, 4.405024065, 4.386108333, 4.015785803, 5.037844903, 4.581563824, 4.917627461, 5.227978748, 5.072702774, 4.668770211, 5.245935833, 5.246992133, 5.349453149, 5.090976742, 4.400770095, 4.600537059, 4.275196924, 4.995262415, 4.932214989, 4.695603981, 5.595072196, 5.029294175, 5.8790247, 5.522686208, 4.200199685, 4.553003597, 4.493850846, 4.223166844, 4.687153588, 4.278468455, 3.64356342, 3.640372943, 3.246361561, 3.552688312, 3.837119059, 3.720639875, 4.199143386, 4.367094949, 4.274140624, 6.162803487, 3.435118886, 4.45159888, 4.103020164, 4.581563824, 3.676275311, 4.204023979, 3.571701696, 4.278365821, 2.396040753, 4.291041411, 3.152350938, 4.337518573, 2.327897107, 3.691063499, 2.628426564, 2.980174178, 3.513605244, 4.400896521, 2.881938358, 3.470296979, 3.170308023, 4.592086666, 3.442039213, 4.35336306, 3.931899703, 3.681556807, 3.360441868, 4.055486703, 3.929787105, 3.526280833, 3.544237919, 3.241080065, 3.900210729, 3.49573796, 3.955138284, 4.09562607, 3.868521755, 4.130483941, 3.28438833, 4.001615446, 3.54212532, 3.895985532, 3.585433585, 4.473781162, 3.0762974, 3.983658361, 2.875600563, 3.894929233, 2.876656862, 3.755497747, 3.779792627, 3.131224955, 3.686838303, 3.271528872, 4.150557339, 2.882850019, 4.022409816, 3.795768741, 3.98534235, 3.396499184, 2.973930077, 3.496051805, 3.942979533, 3.98534235, 5.214923135, 4.776467971, 4.46298312, 3.438862002, 4.736223295, 4.436506359, 4.752109351, 4.275527652, 4.489459881, 4.999931835, 5.96792222, 5.34624787, 5.086775611, 6.097128814, 6.702917108, 5.337775306, 6.723039446, 4.791294958, 5.597247565, 3.689861697, 3.88896694, 3.416621522, 3.670798429, 3.189980447]}',NULL,NULL),(10,'SWP-1-5','Chase_etal_2014','Pollen',0,'{\"Euclea\": [0, 0, 0, 0, 0.737100737, 0.495049505, 0.733496333, 0, 0.25, 0.49382716, 0, 1.210653753, 0.242718447, 0.97799511, 0.735294118, 0.242718447, 0.733496333, 0.484261501, 0.488997555, 0.735294118, 0.487804878, 0.488997555, 0.245098039, 0.247524752, 0.244498778, 0.486618005, 0, 0, 0, 0.486618005, 0, 0, 0.243309002, 0.242130751, 0.240963855, 1.678657074, 0, 0.483091787, 0, 0.242718447, 0, 1.225490196, 0, 0, 0.966183575], \"Protea\": [3.950617284, 3.931203931, 4.166666667, 1.946472019, 0.982800983, 3.712871287, 5.623471883, 6.37254902, 8.25, 4.444444444, 5.185185185, 3.87409201, 2.427184466, 0.97799511, 0.980392157, 0.970873786, 0.488997555, 0.968523002, 0.488997555, 1.470588235, 0.243902439, 1.222493888, 0.980392157, 1.237623762, 1.222493888, 0.729927007, 0.726392252, 0.481927711, 0.242130751, 0.243309002, 1.225490196, 1.216545012, 0.486618005, 0.968523002, 1.686746988, 0.239808153, 0.721153846, 0, 0.491400491, 0.485436893, 0.959232614, 0.245098039, 0.712589074, 1.937046005, 2.173913043], \"Colpoon\": [0, 0, 0, 0, 0.491400491, 0, 0.244498778, 0, 0, 0, 0, 0, 0, 0, 0, 0, 0, 0, 0, 0.245098039, 0, 0, 0.245098039, 0.247524752, 0, 0.243309002, 0, 0, 0.242130751, 0.486618005, 1.225490196, 0.729927007, 1.459854015, 0.726392252, 0.481927711, 2.158273381, 0.961538462, 0.724637681, 2.457002457, 0.72815534, 0.239808153, 0.245098039, 0.475059382, 0, 0], \"Apiaceae\": [0.49382716, 0, 0, 0, 0.491400491, 0, 0, 0.245098039, 0, 0.49382716, 0.24691358, 0, 0.242718447, 0, 0, 0, 0.244498778, 0, 0, 0, 0, 0, 0, 0, 0, 0, 0, 0, 0, 0, 0, 0.243309002, 0, 0, 0, 0, 0, 0, 0, 0, 0.239808153, 0, 0.237529691, 0.242130751, 0], \"Dodonaea\": [1.481481481, 0.491400491, 1.715686275, 1.703163017, 1.228501229, 2.227722772, 0.244498778, 0.490196078, 0, 0.49382716, 0.24691358, 0.484261501, 0.242718447, 0, 0.245098039, 0, 0.244498778, 0.242130751, 0, 0, 0.243902439, 0, 0.245098039, 0.247524752, 0.733496333, 0.729927007, 0, 0, 1.937046005, 0.486618005, 1.960784314, 3.406326034, 0.97323601, 0, 0.722891566, 1.199040767, 1.442307692, 2.415458937, 1.228501229, 0, 0.239808153, 0.980392157, 1.425178147, 1.937046005, 1.93236715], \"Fabaceae\": [1.234567901, 0, 0, 0, 0, 0.495049505, 0, 0, 0, 0.24691358, 0.24691358, 0, 0.242718447, 0.244498778, 0.245098039, 0, 0, 0, 0, 0, 0, 0, 0, 0.247524752, 0.244498778, 0, 0.484261501, 0.240963855, 0.484261501, 0.243309002, 0.980392157, 0.243309002, 0, 0, 0.481927711, 0, 0, 0, 0, 0.242718447, 0, 0, 0, 0, 0.241545894], \"Rutaceae\": [1.481481481, 1.474201474, 0.735294118, 0.97323601, 1.71990172, 2.475247525, 1.466992665, 2.450980392, 1, 0.987654321, 2.469135802, 0.484261501, 0.970873786, 2.444987775, 1.960784314, 0.72815534, 0.488997555, 0.726392252, 0.97799511, 0.980392157, 0.243902439, 2.689486553, 0.980392157, 1.237623762, 1.222493888, 1.216545012, 1.937046005, 0.240963855, 1.694915254, 1.459854015, 1.225490196, 1.216545012, 2.919708029, 2.421307506, 0.722891566, 1.438848921, 2.163461538, 1.93236715, 1.71990172, 2.669902913, 1.438848921, 2.696078431, 2.375296912, 3.87409201, 2.657004831], \"Agathosma\": [0.740740741, 0.245700246, 1.960784314, 0.729927007, 0.491400491, 0.247524752, 0.488997555, 0.490196078, 0, 0.49382716, 0.24691358, 1.452784504, 0.970873786, 0.244498778, 0.735294118, 0.72815534, 0.733496333, 0.242130751, 0.244498778, 0, 0.243902439, 0, 0.245098039, 0, 0.244498778, 0, 0, 0.240963855, 0, 0.243309002, 0, 0.243309002, 0, 0, 0.481927711, 0.239808153, 1.442307692, 0, 0.245700246, 0, 0, 0, 0, 0, 0], \"Aizoaceae\": [1.481481481, 0.982800983, 0.980392157, 2.676399027, 0.737100737, 0.99009901, 1.95599022, 0.980392157, 1.5, 0.987654321, 1.234567901, 0, 1.213592233, 1.466992665, 1.470588235, 1.213592233, 1.711491443, 1.694915254, 0.244498778, 0.735294118, 0.487804878, 0.488997555, 0.245098039, 0.247524752, 0.244498778, 0.243309002, 0.484261501, 0.240963855, 0, 0.486618005, 0.245098039, 0.729927007, 0, 0.484261501, 0.722891566, 0.239808153, 1.682692308, 0, 0.982800983, 0.242718447, 0.479616307, 0.980392157, 0.475059382, 0.242130751, 0.483091787], \"Artemisia\": [1.975308642, 0.982800983, 2.450980392, 0.97323601, 1.474201474, 1.237623762, 0.97799511, 2.205882353, 1, 0.24691358, 0.987654321, 1.452784504, 1.213592233, 1.711491443, 2.205882353, 2.427184466, 2.200488998, 2.421307506, 0.733496333, 0.735294118, 1.707317073, 2.689486553, 0.735294118, 1.237623762, 1.711491443, 0.97323601, 0.242130751, 0.963855422, 0.968523002, 1.459854015, 0.490196078, 0.729927007, 1.703163017, 0.242130751, 0.481927711, 0.959232614, 0, 0.241545894, 1.474201474, 0.485436893, 0.71942446, 2.205882353, 0.950118765, 1.210653753, 0.483091787], \"Ericaceae\": [1.481481481, 3.43980344, 4.901960784, 3.163017032, 2.457002457, 3.217821782, 4.156479218, 2.941176471, 2.75, 4.938271605, 5.679012346, 6.053268765, 2.669902913, 4.645476773, 3.676470588, 5.339805825, 4.400977995, 2.421307506, 2.93398533, 3.676470588, 2.682926829, 3.91198044, 3.431372549, 3.712871287, 3.178484108, 3.163017032, 2.179176755, 2.168674699, 3.389830508, 3.163017032, 3.921568627, 3.163017032, 2.189781022, 1.210653753, 2.168674699, 1.918465228, 1.442307692, 1.690821256, 2.702702703, 2.427184466, 3.357314149, 4.166666667, 4.275534442, 4.358353511, 3.8647343], \"Rubiaceae\": [0, 0, 0, 0, 0, 0, 0, 0.245098039, 0.25, 0.49382716, 0, 0.484261501, 0, 0.244498778, 0, 0, 0.244498778, 0, 0, 0, 0, 0, 0, 0.247524752, 0, 0.243309002, 0, 0, 0, 0, 0, 0, 0.243309002, 0.242130751, 0, 0, 0, 0.241545894, 0, 0.485436893, 0, 0, 0.475059382, 0.242130751, 0], \"Cliffortia\": [0.740740741, 0.737100737, 0.245098039, 1.703163017, 0.491400491, 0.495049505, 1.222493888, 0.490196078, 0.75, 0.740740741, 0.49382716, 0.484261501, 0, 0, 0.735294118, 0.242718447, 0.733496333, 0.726392252, 0.488997555, 1.960784314, 1.463414634, 0.244498778, 0.245098039, 0.247524752, 0.97799511, 0, 1.210653753, 0.240963855, 0.726392252, 1.216545012, 1.225490196, 0.243309002, 1.216545012, 1.210653753, 0.963855422, 0.239808153, 0.961538462, 0.724637681, 0.491400491, 0.242718447, 1.678657074, 1.470588235, 0.712589074, 0.726392252, 1.690821256], \"Lobostemon\": [0.49382716, 0.491400491, 1.225490196, 0, 3.194103194, 0.742574257, 0.488997555, 0.490196078, 0.75, 0.987654321, 1.481481481, 1.210653753, 0, 0.244498778, 1.470588235, 0.970873786, 2.200488998, 0.968523002, 0.733496333, 0.490196078, 1.219512195, 1.711491443, 1.225490196, 0.495049505, 0.244498778, 0, 1.694915254, 1.204819277, 0, 0.486618005, 0.980392157, 0.243309002, 0.97323601, 3.147699758, 0.481927711, 0.959232614, 0.480769231, 0.483091787, 0.245700246, 0, 0, 0, 0, 0.242130751, 0], \"Rhamnaceae\": [0.24691358, 0.737100737, 0.735294118, 0, 0, 0, 0, 0, 0, 0, 0, 0, 0.242718447, 0, 0.245098039, 0, 0, 0, 0, 0.245098039, 0, 1.222493888, 0, 0, 1.222493888, 0.243309002, 1.694915254, 1.445783133, 0.484261501, 0.486618005, 0.980392157, 0.729927007, 0, 0.484261501, 0.240963855, 0.71942446, 0.721153846, 0.241545894, 0, 0.72815534, 0, 0, 0, 0, 0], \"Urticaceae\": [0.24691358, 0, 0, 0.243309002, 0.491400491, 0, 0.244498778, 0, 0, 0, 0.24691358, 0, 0.485436893, 0, 0, 0, 0, 0.726392252, 0.488997555, 0.490196078, 0, 0, 0, 0, 0, 1.703163017, 0.484261501, 0, 0.242130751, 0.97323601, 0.980392157, 0.486618005, 0.97323601, 0.968523002, 0, 0, 0, 0, 0, 0, 0, 0, 0, 0, 0], \"Selago type\": [0.24691358, 0.491400491, 0.245098039, 0.486618005, 0.737100737, 0, 0, 0.245098039, 0, 0, 0, 0, 0, 0.244498778, 0.980392157, 0, 0, 0, 0, 0, 0.487804878, 0, 0, 0, 0.244498778, 0, 0.242130751, 0.722891566, 0.242130751, 0.243309002, 0.490196078, 0, 0, 0.484261501, 1.204819277, 0.479616307, 0.240384615, 0.241545894, 0, 0.242718447, 0, 0, 0, 0.242130751, 0.724637681], \"Stoebe type\": [11.85185185, 9.582309582, 13.23529412, 13.86861314, 11.54791155, 6.435643564, 8.80195599, 7.598039216, 4.75, 4.938271605, 8.395061728, 6.295399516, 3.883495146, 5.378973105, 7.352941176, 8.009708738, 7.82396088, 7.99031477, 8.80195599, 10.04901961, 13.17073171, 10.51344743, 8.578431373, 6.930693069, 9.535452323, 10.4622871, 8.474576271, 20.72289157, 8.958837772, 11.19221411, 8.823529412, 8.515815085, 7.299270073, 13.07506053, 10.36144578, 13.66906475, 14.66346154, 10.86956522, 10.31941032, 19.41747573, 16.78657074, 16.91176471, 16.152019, 18.1598063, 21.01449275], \"Celastraceae\": [0.24691358, 0.491400491, 0.980392157, 0, 0.245700246, 0.742574257, 0, 0.245098039, 0.5, 0.740740741, 0.49382716, 0, 0.485436893, 0.97799511, 0.490196078, 0.242718447, 0.488997555, 0.242130751, 0.244498778, 1.960784314, 0, 0.244498778, 0.490196078, 0.247524752, 0.244498778, 0, 0.726392252, 1.204819277, 0.726392252, 0, 0, 0.729927007, 1.703163017, 0.968523002, 0.963855422, 0, 0.480769231, 1.449275362, 0.737100737, 0.970873786, 0.71942446, 0.490196078, 0.475059382, 2.179176755, 1.93236715], \"Crassulaceae\": [2.222222222, 1.71990172, 2.941176471, 1.459854015, 3.43980344, 0.99009901, 0.733496333, 1.470588235, 0.75, 0.987654321, 0.987654321, 1.452784504, 1.45631068, 1.711491443, 0.980392157, 0.970873786, 1.711491443, 0.726392252, 0.733496333, 0.490196078, 0.487804878, 0.244498778, 0.735294118, 0.495049505, 0.244498778, 1.216545012, 0.242130751, 0, 0.242130751, 0.729927007, 0, 0.486618005, 1.703163017, 0.726392252, 0.240963855, 1.199040767, 1.442307692, 0.724637681, 0.737100737, 0, 1.438848921, 0.245098039, 0.237529691, 0.484261501, 0.724637681], \"Pentzia type\": [0.740740741, 0, 0.735294118, 0.486618005, 0, 0.495049505, 0.488997555, 0, 0.25, 0.49382716, 0.24691358, 0, 0.72815534, 1.95599022, 0.735294118, 0, 0.488997555, 0.726392252, 0.488997555, 0.245098039, 0.487804878, 0.488997555, 0.735294118, 2.227722772, 1.466992665, 2.919708029, 5.326876513, 4.337349398, 5.326876513, 2.919708029, 1.470588235, 4.379562044, 7.055961071, 7.263922518, 5.78313253, 7.673860911, 9.134615385, 6.52173913, 5.651105651, 8.009708738, 5.275779376, 3.921568627, 4.513064133, 7.748184019, 4.106280193], \"Restionaceae\": [16.54320988, 20.39312039, 16.42156863, 20.68126521, 18.67321867, 18.56435644, 16.38141809, 20.09803922, 21.25, 21.72839506, 20.24691358, 16.94915254, 17.96116505, 11.73594132, 14.95098039, 18.2038835, 16.87041565, 19.1283293, 20.04889976, 18.1372549, 15.6097561, 16.87041565, 19.60784314, 22.27722772, 22.24938875, 19.22141119, 19.85472155, 24.81927711, 31.47699758, 23.11435523, 20.58823529, 15.81508516, 18.97810219, 22.03389831, 23.61445783, 19.66426859, 18.02884615, 23.91304348, 27.51842752, 12.62135922, 16.30695444, 22.79411765, 25.89073634, 15.25423729, 21.49758454], \"Ruschia type\": [2.716049383, 1.965601966, 0.980392157, 2.676399027, 1.228501229, 0.99009901, 1.711491443, 1.715686275, 1.25, 0.24691358, 2.469135802, 1.937046005, 0.72815534, 0.97799511, 1.715686275, 1.941747573, 0.97799511, 1.694915254, 0.97799511, 0.980392157, 0.487804878, 0.733496333, 1.470588235, 0.99009901, 0.733496333, 1.703163017, 0.242130751, 3.13253012, 0.484261501, 1.459854015, 1.225490196, 0.243309002, 1.459854015, 0.726392252, 2.409638554, 1.438848921, 0.240384615, 0.966183575, 0.737100737, 0.970873786, 1.438848921, 0.245098039, 0.712589074, 0.968523002, 1.207729469], \"Anacardiaceae\": [0.49382716, 0.245700246, 0, 0.97323601, 0.491400491, 0.495049505, 0.488997555, 0.245098039, 0.75, 0.49382716, 0.24691358, 0.242130751, 0.485436893, 1.711491443, 1.225490196, 0.970873786, 0.97799511, 0.726392252, 0.733496333, 0.245098039, 0.243902439, 1.222493888, 0.245098039, 0.742574257, 0, 0, 0.242130751, 1.445783133, 0.484261501, 0.97323601, 0, 0.486618005, 0.486618005, 0.484261501, 0.481927711, 1.199040767, 0.480769231, 0.724637681, 0.737100737, 2.184466019, 0.959232614, 1.470588235, 0.475059382, 0.242130751, 0.241545894], \"Campanulaceae\": [0.49382716, 0.491400491, 0.735294118, 0.243309002, 0.982800983, 0.99009901, 0.488997555, 0.980392157, 0.5, 0.987654321, 0.987654321, 1.694915254, 2.427184466, 0, 0.735294118, 2.669902913, 0.488997555, 1.694915254, 0.488997555, 0.490196078, 0.487804878, 0.97799511, 0.245098039, 0.247524752, 0.488997555, 0, 0.484261501, 1.204819277, 0.726392252, 0.486618005, 0.490196078, 0.243309002, 0.243309002, 0.242130751, 0.963855422, 0, 0.721153846, 0.483091787, 0.245700246, 0, 0.479616307, 0, 0.237529691, 0, 0.241545894], \"Hirpicium type\": [0.24691358, 0.245700246, 0.245098039, 0.243309002, 0.245700246, 0, 0.488997555, 0.735294118, 0.25, 0.49382716, 0, 0, 0.242718447, 0, 0.490196078, 0.242718447, 0.733496333, 0.242130751, 0.244498778, 0.245098039, 0.975609756, 0.733496333, 1.225490196, 0.495049505, 0.244498778, 0.729927007, 0.242130751, 0, 0.484261501, 0.243309002, 0.490196078, 0.486618005, 0.729927007, 0.242130751, 0.722891566, 0.239808153, 0.480769231, 0.241545894, 0.245700246, 0.485436893, 0, 0, 0.237529691, 0.726392252, 0.483091787], \"Erica ericoides\": [0.740740741, 0.982800983, 1.470588235, 1.216545012, 0.982800983, 0.99009901, 2.444987775, 1.225490196, 1.75, 0.740740741, 1.234567901, 0.726392252, 2.427184466, 1.222493888, 1.225490196, 2.184466019, 5.378973105, 1.452784504, 1.222493888, 3.18627451, 2.682926829, 2.200488998, 5.637254902, 1.98019802, 4.156479218, 5.839416058, 7.748184019, 2.409638554, 3.147699758, 3.406326034, 2.450980392, 1.703163017, 2.189781022, 0, 0.722891566, 2.158273381, 1.201923077, 0.724637681, 2.211302211, 1.213592233, 0.959232614, 2.205882353, 1.662707838, 3.147699758, 1.690821256], \"Anthospermum type\": [3.703703704, 3.43980344, 4.901960784, 4.622871046, 4.422604423, 4.455445545, 4.156479218, 3.921568627, 5, 5.185185185, 7.160493827, 4.842615012, 7.281553398, 8.80195599, 7.598039216, 6.796116505, 5.86797066, 4.842615012, 7.579462103, 7.598039216, 8.292682927, 6.112469438, 12.00980392, 9.900990099, 7.82396088, 7.785888078, 5.811138015, 3.13253012, 4.358353511, 6.082725061, 5.392156863, 4.622871046, 5.352798054, 3.631961259, 3.13253012, 1.438848921, 2.644230769, 1.690821256, 3.931203931, 6.796116505, 7.434052758, 8.088235294, 4.513064133, 7.021791768, 5.555555556], \"Chenopodiaceae type\": [1.975308642, 0.982800983, 1.715686275, 2.189781022, 1.474201474, 1.237623762, 2.200488998, 1.960784314, 1, 2.716049383, 1.481481481, 1.210653753, 1.213592233, 0.488997555, 1.715686275, 1.699029126, 0.488997555, 1.452784504, 0.733496333, 0.245098039, 0.975609756, 0.488997555, 0.245098039, 0.495049505, 0.733496333, 0.729927007, 0.484261501, 0, 0, 0.97323601, 0, 0, 0, 0, 0.240963855, 0, 0.480769231, 0.483091787, 1.228501229, 1.213592233, 1.199040767, 0, 0.237529691, 0, 0]}',NULL,NULL),(11,'SWP-1-5','Chase_etal_2014','Recons',0,'{\"TmeanAnn\": [0.740740741, 0.245700246, 1.960784314, 0.729927007, 0.491400491, 0.247524752, 0.488997555, 0.490196078, 0, 0.49382716, 0.24691358, 1.452784504, 0.970873786, 0.244498778, 0.735294118, 0.72815534, 0.733496333, 0.242130751, 0.244498778, 0, 0.243902439, 0, 0.245098039, 0, 0.244498778, 0, 0, 0.240963855, 0, 0.243309002, 0, 0.243309002, 0, 0, 0.481927711, 0.239808153, 1.442307692, 0, 0.245700246, 0, 0, 0, 0, 0, 0]}','{\"max95\": [0.49382716, 0.245700246, 0, 0.97323601, 0.491400491, 0.495049505, 0.488997555, 0.245098039, 0.75, 0.49382716, 0.24691358, 0.242130751, 0.485436893, 1.711491443, 1.225490196, 0.970873786, 0.97799511, 0.726392252, 0.733496333, 0.245098039, 0.243902439, 1.222493888, 0.245098039, 0.742574257, 0, 0, 0.242130751, 1.445783133, 0.484261501, 0.97323601, 0, 0.486618005, 0.486618005, 0.484261501, 0.481927711, 1.199040767, 0.480769231, 0.724637681, 0.737100737, 2.184466019, 0.959232614, 1.470588235, 0.475059382, 0.242130751, 0.241545894], \"min95\": [1.481481481, 0.982800983, 0.980392157, 2.676399027, 0.737100737, 0.99009901, 1.95599022, 0.980392157, 1.5, 0.987654321, 1.234567901, 0, 1.213592233, 1.466992665, 1.470588235, 1.213592233, 1.711491443, 1.694915254, 0.244498778, 0.735294118, 0.487804878, 0.488997555, 0.245098039, 0.247524752, 0.244498778, 0.243309002, 0.484261501, 0.240963855, 0, 0.486618005, 0.245098039, 0.729927007, 0, 0.484261501, 0.722891566, 0.239808153, 1.682692308, 0, 0.982800983, 0.242718447, 0.479616307, 0.980392157, 0.475059382, 0.242130751, 0.483091787]}',NULL),(5,'SWP-1-55','Chase_etal_2013','d13C',0,'{\"d13C\": [-24.11092421, -24.4499983, -24.70601061, -24.27477209, -24.47503061, -24.56491938, -24.14050786, -24.44886047, -24.2679451, -23.93000884, -24.25770461, -23.98348697, -24.09158106, -24.03582727, -24.43634431, -23.90156303, -24.01875978, -24.30435574, -24.11319988, -24.41586332, -24.06286699, -24.17171536, -23.32240629, -24.05517042, -23.91294136, -24.10409722, -24.20755514, -24.03665109, -24.02092155, -24.04606776, -24.1314052, -24.24518845, -24.21387056, -24.27477209, -23.97324648, -24.14505919, -24.43748214, -24.01987291, -23.95162766, -24.25315328, -24.07440198, -23.91294136, -23.74681781, -23.6273454, -23.711545, -23.8153889, -23.86515239, -24.02558677, -23.88564751, -24.08488834, -23.86173889, -23.91186341, -23.87267714, -24.44142457, -24.01193278, -24.3082478, -24.4465848, -24.39538234, -24.40577095, -24.59905436, -23.94751703, -24.51257909, -24.41131199, -24.53055863, -24.60081724, -24.53306007, -24.60291451, -24.72455628, -24.42045185, -24.96088509, -25.09287366, -24.31768553, -24.70358356, -24.6809783, -24.57460134, -24.90911621, -24.50347643, -24.72080244, -24.90285564, -24.63227632, -25.04543889, -24.90387303, -25.17546975, -25.22827573, -25.17651838, -25.34092115, -25.314751, -25.12928431, -25.30445197, -25.0485848, -25.16910844, -25.24048518, -25.25621472, -25.24048518, -25.4072183, -25.26355517, -25.48883938, -25.45755282, -25.59702141, -25.49452854, -25.58024323, -25.61627662, -25.73334408, -25.63791821, -25.91685538, -25.3547865, -25.7920677, -25.50788735, -26.06226405, -25.91475811, -25.85813176, -25.85183995, -25.95670355, -25.42294784, -26.18320892, -26.03010806, -25.82142951, -25.35688377, -25.72850605, -25.49844963, -25.55612461, -25.73858726, -25.78472725, -25.71237136, -25.86232631, -25.85393722, -25.8853963, -25.81618633, -25.55088143, -25.97469386, -25.74383044, -25.85288858, -26.0720535, -25.67147456, -26.00703807, -25.20588019, -25.61484822, -24.98356937, -25.32542469, -25.36212695, -25.64735593, -26.03535124, -26.01123262, -25.87700721, -25.9000772, -25.73019818, -25.71237136, -25.79521361, -25.71866318, -25.82930545, -26.33554242, -26.11042376, -26.59650086, -26.3377824, -26.0869039, -26.36690223, -26.23586301, -25.83378542, -25.40370799, -25.76546583, -26.13170364, -26.16306345, -26.07906395, -26.00626439, -25.28946867, -25.62770665, -25.61762671, -25.8707452, -25.95810468, -25.56498703, -25.50450739, -25.34658833, -25.44850772, -25.47762755, -25.08786988, -25.43842778, -25.14498954, -25.39810802, -25.41714791, -25.6859463, -26.21010317, -25.91442494, -26.1384236, -26.29298267]}',NULL,NULL),(4,'SWP-1-55','Chase_etal_2013','d15N',0,'{\"d15N\": [3.877531775, 3.907309566, 3.387261723, 4.163611263, 3.456388737, 3.441499841, 4.632611465, 4.022166758, 3.649944376, 4.173182696, 4.0019604, 3.730769807, 3.949849267, 3.900928611, 3.384071245, 4.484786005, 4.474151079, 4.02323025, 4.343341499, 3.837119059, 4.516033128, 4.221515059, 4.490103467, 3.973246102, 4.208277949, 3.905182581, 3.866726461, 4.221325667, 4.563566589, 4.195516039, 4.307182754, 4.265706545, 4.35336306, 4.274214485, 4.831484566, 4.466706632, 4.369928812, 4.354419359, 4.418849468, 3.61378563, 4.56251029, 4.417785976, 4.813405194, 5.015468773, 4.660262271, 5.329383465, 4.719817852, 4.947405251, 4.980804749, 4.794896101, 5.222849814, 5.002987031, 4.730927942, 5.611415336, 4.815532179, 4.32906818, 4.350785947, 4.405024065, 4.386108333, 4.015785803, 5.037844903, 4.581563824, 4.917627461, 5.227978748, 5.072702774, 4.668770211, 5.245935833, 5.246992133, 5.349453149, 5.090976742, 4.400770095, 4.600537059, 4.275196924, 4.995262415, 4.932214989, 4.695603981, 5.595072196, 5.029294175, 5.8790247, 5.522686208, 4.200199685, 4.553003597, 4.493850846, 4.223166844, 4.687153588, 4.278468455, 3.64356342, 3.640372943, 3.246361561, 3.552688312, 3.837119059, 3.720639875, 4.199143386, 4.367094949, 4.274140624, 6.162803487, 3.435118886, 4.45159888, 4.103020164, 4.581563824, 3.676275311, 4.204023979, 3.571701696, 4.278365821, 2.396040753, 4.291041411, 3.152350938, 4.337518573, 2.327897107, 3.691063499, 2.628426564, 2.980174178, 3.513605244, 4.400896521, 2.881938358, 3.470296979, 3.170308023, 4.592086666, 3.442039213, 4.35336306, 3.931899703, 3.681556807, 3.360441868, 4.055486703, 3.929787105, 3.526280833, 3.544237919, 3.241080065, 3.900210729, 3.49573796, 3.955138284, 4.09562607, 3.868521755, 4.130483941, 3.28438833, 4.001615446, 3.54212532, 3.895985532, 3.585433585, 4.473781162, 3.0762974, 3.983658361, 2.875600563, 3.894929233, 2.876656862, 3.755497747, 3.779792627, 3.131224955, 3.686838303, 3.271528872, 4.150557339, 2.882850019, 4.022409816, 3.795768741, 3.98534235, 3.396499184, 2.973930077, 3.496051805, 3.942979533, 3.98534235, 5.214923135, 4.776467971, 4.46298312, 3.438862002, 4.736223295, 4.436506359, 4.752109351, 4.275527652, 4.489459881, 4.999931835, 5.96792222, 5.34624787, 5.086775611, 6.097128814, 6.702917108, 5.337775306, 6.723039446, 4.791294958, 5.597247565, 3.689861697, 3.88896694, 3.416621522, 3.670798429, 3.189980447]}',NULL,NULL),(6,'SWP-1-55','Chase_etal_2013','Pollen',0,'{\"Euclea\": [0, 0, 0, 0, 0.737100737, 0.495049505, 0.733496333, 0, 0.25, 0.49382716, 0, 1.210653753, 0.242718447, 0.97799511, 0.735294118, 0.242718447, 0.733496333, 0.484261501, 0.488997555, 0.735294118, 0.487804878, 0.488997555, 0.245098039, 0.247524752, 0.244498778, 0.486618005, 0, 0, 0, 0.486618005, 0, 0, 0.243309002, 0.242130751, 0.240963855, 1.678657074, 0, 0.483091787, 0, 0.242718447, 0, 1.225490196, 0, 0, 0.966183575], \"Protea\": [3.950617284, 3.931203931, 4.166666667, 1.946472019, 0.982800983, 3.712871287, 5.623471883, 6.37254902, 8.25, 4.444444444, 5.185185185, 3.87409201, 2.427184466, 0.97799511, 0.980392157, 0.970873786, 0.488997555, 0.968523002, 0.488997555, 1.470588235, 0.243902439, 1.222493888, 0.980392157, 1.237623762, 1.222493888, 0.729927007, 0.726392252, 0.481927711, 0.242130751, 0.243309002, 1.225490196, 1.216545012, 0.486618005, 0.968523002, 1.686746988, 0.239808153, 0.721153846, 0, 0.491400491, 0.485436893, 0.959232614, 0.245098039, 0.712589074, 1.937046005, 2.173913043], \"Colpoon\": [0, 0, 0, 0, 0.491400491, 0, 0.244498778, 0, 0, 0, 0, 0, 0, 0, 0, 0, 0, 0, 0, 0.245098039, 0, 0, 0.245098039, 0.247524752, 0, 0.243309002, 0, 0, 0.242130751, 0.486618005, 1.225490196, 0.729927007, 1.459854015, 0.726392252, 0.481927711, 2.158273381, 0.961538462, 0.724637681, 2.457002457, 0.72815534, 0.239808153, 0.245098039, 0.475059382, 0, 0], \"Apiaceae\": [0.49382716, 0, 0, 0, 0.491400491, 0, 0, 0.245098039, 0, 0.49382716, 0.24691358, 0, 0.242718447, 0, 0, 0, 0.244498778, 0, 0, 0, 0, 0, 0, 0, 0, 0, 0, 0, 0, 0, 0, 0.243309002, 0, 0, 0, 0, 0, 0, 0, 0, 0.239808153, 0, 0.237529691, 0.242130751, 0], \"Dodonaea\": [1.481481481, 0.491400491, 1.715686275, 1.703163017, 1.228501229, 2.227722772, 0.244498778, 0.490196078, 0, 0.49382716, 0.24691358, 0.484261501, 0.242718447, 0, 0.245098039, 0, 0.244498778, 0.242130751, 0, 0, 0.243902439, 0, 0.245098039, 0.247524752, 0.733496333, 0.729927007, 0, 0, 1.937046005, 0.486618005, 1.960784314, 3.406326034, 0.97323601, 0, 0.722891566, 1.199040767, 1.442307692, 2.415458937, 1.228501229, 0, 0.239808153, 0.980392157, 1.425178147, 1.937046005, 1.93236715], \"Fabaceae\": [1.234567901, 0, 0, 0, 0, 0.495049505, 0, 0, 0, 0.24691358, 0.24691358, 0, 0.242718447, 0.244498778, 0.245098039, 0, 0, 0, 0, 0, 0, 0, 0, 0.247524752, 0.244498778, 0, 0.484261501, 0.240963855, 0.484261501, 0.243309002, 0.980392157, 0.243309002, 0, 0, 0.481927711, 0, 0, 0, 0, 0.242718447, 0, 0, 0, 0, 0.241545894], \"Rutaceae\": [1.481481481, 1.474201474, 0.735294118, 0.97323601, 1.71990172, 2.475247525, 1.466992665, 2.450980392, 1, 0.987654321, 2.469135802, 0.484261501, 0.970873786, 2.444987775, 1.960784314, 0.72815534, 0.488997555, 0.726392252, 0.97799511, 0.980392157, 0.243902439, 2.689486553, 0.980392157, 1.237623762, 1.222493888, 1.216545012, 1.937046005, 0.240963855, 1.694915254, 1.459854015, 1.225490196, 1.216545012, 2.919708029, 2.421307506, 0.722891566, 1.438848921, 2.163461538, 1.93236715, 1.71990172, 2.669902913, 1.438848921, 2.696078431, 2.375296912, 3.87409201, 2.657004831], \"Agathosma\": [0.740740741, 0.245700246, 1.960784314, 0.729927007, 0.491400491, 0.247524752, 0.488997555, 0.490196078, 0, 0.49382716, 0.24691358, 1.452784504, 0.970873786, 0.244498778, 0.735294118, 0.72815534, 0.733496333, 0.242130751, 0.244498778, 0, 0.243902439, 0, 0.245098039, 0, 0.244498778, 0, 0, 0.240963855, 0, 0.243309002, 0, 0.243309002, 0, 0, 0.481927711, 0.239808153, 1.442307692, 0, 0.245700246, 0, 0, 0, 0, 0, 0], \"Aizoaceae\": [1.481481481, 0.982800983, 0.980392157, 2.676399027, 0.737100737, 0.99009901, 1.95599022, 0.980392157, 1.5, 0.987654321, 1.234567901, 0, 1.213592233, 1.466992665, 1.470588235, 1.213592233, 1.711491443, 1.694915254, 0.244498778, 0.735294118, 0.487804878, 0.488997555, 0.245098039, 0.247524752, 0.244498778, 0.243309002, 0.484261501, 0.240963855, 0, 0.486618005, 0.245098039, 0.729927007, 0, 0.484261501, 0.722891566, 0.239808153, 1.682692308, 0, 0.982800983, 0.242718447, 0.479616307, 0.980392157, 0.475059382, 0.242130751, 0.483091787], \"Artemisia\": [1.975308642, 0.982800983, 2.450980392, 0.97323601, 1.474201474, 1.237623762, 0.97799511, 2.205882353, 1, 0.24691358, 0.987654321, 1.452784504, 1.213592233, 1.711491443, 2.205882353, 2.427184466, 2.200488998, 2.421307506, 0.733496333, 0.735294118, 1.707317073, 2.689486553, 0.735294118, 1.237623762, 1.711491443, 0.97323601, 0.242130751, 0.963855422, 0.968523002, 1.459854015, 0.490196078, 0.729927007, 1.703163017, 0.242130751, 0.481927711, 0.959232614, 0, 0.241545894, 1.474201474, 0.485436893, 0.71942446, 2.205882353, 0.950118765, 1.210653753, 0.483091787], \"Ericaceae\": [1.481481481, 3.43980344, 4.901960784, 3.163017032, 2.457002457, 3.217821782, 4.156479218, 2.941176471, 2.75, 4.938271605, 5.679012346, 6.053268765, 2.669902913, 4.645476773, 3.676470588, 5.339805825, 4.400977995, 2.421307506, 2.93398533, 3.676470588, 2.682926829, 3.91198044, 3.431372549, 3.712871287, 3.178484108, 3.163017032, 2.179176755, 2.168674699, 3.389830508, 3.163017032, 3.921568627, 3.163017032, 2.189781022, 1.210653753, 2.168674699, 1.918465228, 1.442307692, 1.690821256, 2.702702703, 2.427184466, 3.357314149, 4.166666667, 4.275534442, 4.358353511, 3.8647343], \"Rubiaceae\": [0, 0, 0, 0, 0, 0, 0, 0.245098039, 0.25, 0.49382716, 0, 0.484261501, 0, 0.244498778, 0, 0, 0.244498778, 0, 0, 0, 0, 0, 0, 0.247524752, 0, 0.243309002, 0, 0, 0, 0, 0, 0, 0.243309002, 0.242130751, 0, 0, 0, 0.241545894, 0, 0.485436893, 0, 0, 0.475059382, 0.242130751, 0], \"Cliffortia\": [0.740740741, 0.737100737, 0.245098039, 1.703163017, 0.491400491, 0.495049505, 1.222493888, 0.490196078, 0.75, 0.740740741, 0.49382716, 0.484261501, 0, 0, 0.735294118, 0.242718447, 0.733496333, 0.726392252, 0.488997555, 1.960784314, 1.463414634, 0.244498778, 0.245098039, 0.247524752, 0.97799511, 0, 1.210653753, 0.240963855, 0.726392252, 1.216545012, 1.225490196, 0.243309002, 1.216545012, 1.210653753, 0.963855422, 0.239808153, 0.961538462, 0.724637681, 0.491400491, 0.242718447, 1.678657074, 1.470588235, 0.712589074, 0.726392252, 1.690821256], \"Lobostemon\": [0.49382716, 0.491400491, 1.225490196, 0, 3.194103194, 0.742574257, 0.488997555, 0.490196078, 0.75, 0.987654321, 1.481481481, 1.210653753, 0, 0.244498778, 1.470588235, 0.970873786, 2.200488998, 0.968523002, 0.733496333, 0.490196078, 1.219512195, 1.711491443, 1.225490196, 0.495049505, 0.244498778, 0, 1.694915254, 1.204819277, 0, 0.486618005, 0.980392157, 0.243309002, 0.97323601, 3.147699758, 0.481927711, 0.959232614, 0.480769231, 0.483091787, 0.245700246, 0, 0, 0, 0, 0.242130751, 0], \"Rhamnaceae\": [0.24691358, 0.737100737, 0.735294118, 0, 0, 0, 0, 0, 0, 0, 0, 0, 0.242718447, 0, 0.245098039, 0, 0, 0, 0, 0.245098039, 0, 1.222493888, 0, 0, 1.222493888, 0.243309002, 1.694915254, 1.445783133, 0.484261501, 0.486618005, 0.980392157, 0.729927007, 0, 0.484261501, 0.240963855, 0.71942446, 0.721153846, 0.241545894, 0, 0.72815534, 0, 0, 0, 0, 0], \"Urticaceae\": [0.24691358, 0, 0, 0.243309002, 0.491400491, 0, 0.244498778, 0, 0, 0, 0.24691358, 0, 0.485436893, 0, 0, 0, 0, 0.726392252, 0.488997555, 0.490196078, 0, 0, 0, 0, 0, 1.703163017, 0.484261501, 0, 0.242130751, 0.97323601, 0.980392157, 0.486618005, 0.97323601, 0.968523002, 0, 0, 0, 0, 0, 0, 0, 0, 0, 0, 0], \"Selago type\": [0.24691358, 0.491400491, 0.245098039, 0.486618005, 0.737100737, 0, 0, 0.245098039, 0, 0, 0, 0, 0, 0.244498778, 0.980392157, 0, 0, 0, 0, 0, 0.487804878, 0, 0, 0, 0.244498778, 0, 0.242130751, 0.722891566, 0.242130751, 0.243309002, 0.490196078, 0, 0, 0.484261501, 1.204819277, 0.479616307, 0.240384615, 0.241545894, 0, 0.242718447, 0, 0, 0, 0.242130751, 0.724637681], \"Stoebe type\": [11.85185185, 9.582309582, 13.23529412, 13.86861314, 11.54791155, 6.435643564, 8.80195599, 7.598039216, 4.75, 4.938271605, 8.395061728, 6.295399516, 3.883495146, 5.378973105, 7.352941176, 8.009708738, 7.82396088, 7.99031477, 8.80195599, 10.04901961, 13.17073171, 10.51344743, 8.578431373, 6.930693069, 9.535452323, 10.4622871, 8.474576271, 20.72289157, 8.958837772, 11.19221411, 8.823529412, 8.515815085, 7.299270073, 13.07506053, 10.36144578, 13.66906475, 14.66346154, 10.86956522, 10.31941032, 19.41747573, 16.78657074, 16.91176471, 16.152019, 18.1598063, 21.01449275], \"Celastraceae\": [0.24691358, 0.491400491, 0.980392157, 0, 0.245700246, 0.742574257, 0, 0.245098039, 0.5, 0.740740741, 0.49382716, 0, 0.485436893, 0.97799511, 0.490196078, 0.242718447, 0.488997555, 0.242130751, 0.244498778, 1.960784314, 0, 0.244498778, 0.490196078, 0.247524752, 0.244498778, 0, 0.726392252, 1.204819277, 0.726392252, 0, 0, 0.729927007, 1.703163017, 0.968523002, 0.963855422, 0, 0.480769231, 1.449275362, 0.737100737, 0.970873786, 0.71942446, 0.490196078, 0.475059382, 2.179176755, 1.93236715], \"Crassulaceae\": [2.222222222, 1.71990172, 2.941176471, 1.459854015, 3.43980344, 0.99009901, 0.733496333, 1.470588235, 0.75, 0.987654321, 0.987654321, 1.452784504, 1.45631068, 1.711491443, 0.980392157, 0.970873786, 1.711491443, 0.726392252, 0.733496333, 0.490196078, 0.487804878, 0.244498778, 0.735294118, 0.495049505, 0.244498778, 1.216545012, 0.242130751, 0, 0.242130751, 0.729927007, 0, 0.486618005, 1.703163017, 0.726392252, 0.240963855, 1.199040767, 1.442307692, 0.724637681, 0.737100737, 0, 1.438848921, 0.245098039, 0.237529691, 0.484261501, 0.724637681], \"Pentzia type\": [0.740740741, 0, 0.735294118, 0.486618005, 0, 0.495049505, 0.488997555, 0, 0.25, 0.49382716, 0.24691358, 0, 0.72815534, 1.95599022, 0.735294118, 0, 0.488997555, 0.726392252, 0.488997555, 0.245098039, 0.487804878, 0.488997555, 0.735294118, 2.227722772, 1.466992665, 2.919708029, 5.326876513, 4.337349398, 5.326876513, 2.919708029, 1.470588235, 4.379562044, 7.055961071, 7.263922518, 5.78313253, 7.673860911, 9.134615385, 6.52173913, 5.651105651, 8.009708738, 5.275779376, 3.921568627, 4.513064133, 7.748184019, 4.106280193], \"Restionaceae\": [16.54320988, 20.39312039, 16.42156863, 20.68126521, 18.67321867, 18.56435644, 16.38141809, 20.09803922, 21.25, 21.72839506, 20.24691358, 16.94915254, 17.96116505, 11.73594132, 14.95098039, 18.2038835, 16.87041565, 19.1283293, 20.04889976, 18.1372549, 15.6097561, 16.87041565, 19.60784314, 22.27722772, 22.24938875, 19.22141119, 19.85472155, 24.81927711, 31.47699758, 23.11435523, 20.58823529, 15.81508516, 18.97810219, 22.03389831, 23.61445783, 19.66426859, 18.02884615, 23.91304348, 27.51842752, 12.62135922, 16.30695444, 22.79411765, 25.89073634, 15.25423729, 21.49758454], \"Ruschia type\": [2.716049383, 1.965601966, 0.980392157, 2.676399027, 1.228501229, 0.99009901, 1.711491443, 1.715686275, 1.25, 0.24691358, 2.469135802, 1.937046005, 0.72815534, 0.97799511, 1.715686275, 1.941747573, 0.97799511, 1.694915254, 0.97799511, 0.980392157, 0.487804878, 0.733496333, 1.470588235, 0.99009901, 0.733496333, 1.703163017, 0.242130751, 3.13253012, 0.484261501, 1.459854015, 1.225490196, 0.243309002, 1.459854015, 0.726392252, 2.409638554, 1.438848921, 0.240384615, 0.966183575, 0.737100737, 0.970873786, 1.438848921, 0.245098039, 0.712589074, 0.968523002, 1.207729469], \"Anacardiaceae\": [0.49382716, 0.245700246, 0, 0.97323601, 0.491400491, 0.495049505, 0.488997555, 0.245098039, 0.75, 0.49382716, 0.24691358, 0.242130751, 0.485436893, 1.711491443, 1.225490196, 0.970873786, 0.97799511, 0.726392252, 0.733496333, 0.245098039, 0.243902439, 1.222493888, 0.245098039, 0.742574257, 0, 0, 0.242130751, 1.445783133, 0.484261501, 0.97323601, 0, 0.486618005, 0.486618005, 0.484261501, 0.481927711, 1.199040767, 0.480769231, 0.724637681, 0.737100737, 2.184466019, 0.959232614, 1.470588235, 0.475059382, 0.242130751, 0.241545894], \"Campanulaceae\": [0.49382716, 0.491400491, 0.735294118, 0.243309002, 0.982800983, 0.99009901, 0.488997555, 0.980392157, 0.5, 0.987654321, 0.987654321, 1.694915254, 2.427184466, 0, 0.735294118, 2.669902913, 0.488997555, 1.694915254, 0.488997555, 0.490196078, 0.487804878, 0.97799511, 0.245098039, 0.247524752, 0.488997555, 0, 0.484261501, 1.204819277, 0.726392252, 0.486618005, 0.490196078, 0.243309002, 0.243309002, 0.242130751, 0.963855422, 0, 0.721153846, 0.483091787, 0.245700246, 0, 0.479616307, 0, 0.237529691, 0, 0.241545894], \"Hirpicium type\": [0.24691358, 0.245700246, 0.245098039, 0.243309002, 0.245700246, 0, 0.488997555, 0.735294118, 0.25, 0.49382716, 0, 0, 0.242718447, 0, 0.490196078, 0.242718447, 0.733496333, 0.242130751, 0.244498778, 0.245098039, 0.975609756, 0.733496333, 1.225490196, 0.495049505, 0.244498778, 0.729927007, 0.242130751, 0, 0.484261501, 0.243309002, 0.490196078, 0.486618005, 0.729927007, 0.242130751, 0.722891566, 0.239808153, 0.480769231, 0.241545894, 0.245700246, 0.485436893, 0, 0, 0.237529691, 0.726392252, 0.483091787], \"Erica ericoides\": [0.740740741, 0.982800983, 1.470588235, 1.216545012, 0.982800983, 0.99009901, 2.444987775, 1.225490196, 1.75, 0.740740741, 1.234567901, 0.726392252, 2.427184466, 1.222493888, 1.225490196, 2.184466019, 5.378973105, 1.452784504, 1.222493888, 3.18627451, 2.682926829, 2.200488998, 5.637254902, 1.98019802, 4.156479218, 5.839416058, 7.748184019, 2.409638554, 3.147699758, 3.406326034, 2.450980392, 1.703163017, 2.189781022, 0, 0.722891566, 2.158273381, 1.201923077, 0.724637681, 2.211302211, 1.213592233, 0.959232614, 2.205882353, 1.662707838, 3.147699758, 1.690821256], \"Anthospermum type\": [3.703703704, 3.43980344, 4.901960784, 4.622871046, 4.422604423, 4.455445545, 4.156479218, 3.921568627, 5, 5.185185185, 7.160493827, 4.842615012, 7.281553398, 8.80195599, 7.598039216, 6.796116505, 5.86797066, 4.842615012, 7.579462103, 7.598039216, 8.292682927, 6.112469438, 12.00980392, 9.900990099, 7.82396088, 7.785888078, 5.811138015, 3.13253012, 4.358353511, 6.082725061, 5.392156863, 4.622871046, 5.352798054, 3.631961259, 3.13253012, 1.438848921, 2.644230769, 1.690821256, 3.931203931, 6.796116505, 7.434052758, 8.088235294, 4.513064133, 7.021791768, 5.555555556], \"Chenopodiaceae type\": [1.975308642, 0.982800983, 1.715686275, 2.189781022, 1.474201474, 1.237623762, 2.200488998, 1.960784314, 1, 2.716049383, 1.481481481, 1.210653753, 1.213592233, 0.488997555, 1.715686275, 1.699029126, 0.488997555, 1.452784504, 0.733496333, 0.245098039, 0.975609756, 0.488997555, 0.245098039, 0.495049505, 0.733496333, 0.729927007, 0.484261501, 0, 0, 0.97323601, 0, 0, 0, 0, 0.240963855, 0, 0.480769231, 0.483091787, 1.228501229, 1.213592233, 1.199040767, 0, 0.237529691, 0, 0]}',NULL,NULL),(7,'SWP-1-55','Chase_etal_2013','Recons',0,'{\"TmeanAnn\": [0.740740741, 0.245700246, 1.960784314, 0.729927007, 0.491400491, 0.247524752, 0.488997555, 0.490196078, 0, 0.49382716, 0.24691358, 1.452784504, 0.970873786, 0.244498778, 0.735294118, 0.72815534, 0.733496333, 0.242130751, 0.244498778, 0, 0.243902439, 0, 0.245098039, 0, 0.244498778, 0, 0, 0.240963855, 0, 0.243309002, 0, 0.243309002, 0, 0, 0.481927711, 0.239808153, 1.442307692, 0, 0.245700246, 0, 0, 0, 0, 0, 0]}','{\"max95\": [0.49382716, 0.245700246, 0, 0.97323601, 0.491400491, 0.495049505, 0.488997555, 0.245098039, 0.75, 0.49382716, 0.24691358, 0.242130751, 0.485436893, 1.711491443, 1.225490196, 0.970873786, 0.97799511, 0.726392252, 0.733496333, 0.245098039, 0.243902439, 1.222493888, 0.245098039, 0.742574257, 0, 0, 0.242130751, 1.445783133, 0.484261501, 0.97323601, 0, 0.486618005, 0.486618005, 0.484261501, 0.481927711, 1.199040767, 0.480769231, 0.724637681, 0.737100737, 2.184466019, 0.959232614, 1.470588235, 0.475059382, 0.242130751, 0.241545894], \"min95\": [1.481481481, 0.982800983, 0.980392157, 2.676399027, 0.737100737, 0.99009901, 1.95599022, 0.980392157, 1.5, 0.987654321, 1.234567901, 0, 1.213592233, 1.466992665, 1.470588235, 1.213592233, 1.711491443, 1.694915254, 0.244498778, 0.735294118, 0.487804878, 0.488997555, 0.245098039, 0.247524752, 0.244498778, 0.243309002, 0.484261501, 0.240963855, 0, 0.486618005, 0.245098039, 0.729927007, 0, 0.484261501, 0.722891566, 0.239808153, 1.682692308, 0, 0.982800983, 0.242718447, 0.479616307, 0.980392157, 0.475059382, 0.242130751, 0.483091787]}',NULL);
/*!40000 ALTER TABLE `Dataset` ENABLE KEYS */;
UNLOCK TABLES;

--
-- Table structure for table `Reference`
--

DROP TABLE IF EXISTS `Reference`;
/*!40101 SET @saved_cs_client     = @@character_set_client */;
/*!40101 SET character_set_client = utf8 */;
CREATE TABLE `Reference` (
  `Citation_Key` varchar(70) NOT NULL,
  `Authors` varchar(100) NOT NULL,
  `Published` tinyint(1) NOT NULL,
  `Journal` varchar(100) DEFAULT NULL,
  `Year` int(4) DEFAULT NULL,
  `Volume` int(4) DEFAULT NULL,
  `Issue` int(4) DEFAULT NULL,
  `Pages` varchar(20) DEFAULT NULL,
  `Title` varchar(400) DEFAULT NULL,
  `DOI` varchar(40) DEFAULT NULL,
  PRIMARY KEY (`Citation_Key`),
  KEY `Reference_Index` (`Citation_Key`)
) ENGINE=InnoDB DEFAULT CHARSET=latin1;
/*!40101 SET character_set_client = @saved_cs_client */;

--
-- Dumping data for table `Reference`
--

LOCK TABLES `Reference` WRITE;
/*!40000 ALTER TABLE `Reference` DISABLE KEYS */;
INSERT INTO `Reference` VALUES ('Chase_etal_2013','Chase Boom Carr Meadows Reimer',1,'Quaternary Science Reviews',2013,82,NULL,'199-205','Holocene climate change in southernmost South Africa: rock hyrax middens record shifts in the southern westerlies','10.1016/j.quascirev.2013.10.018'),('Chase_etal_2014','Chase Boom Carr Meadows Reimer',1,'Quaternary Science Reviews',2013,82,NULL,'199-205','Holocene climate change in southernmost South Africa: rock hyrax middens record shifts in the southern westerlies','10.1016/j.quascirev.2013.10.018');
/*!40000 ALTER TABLE `Reference` ENABLE KEYS */;
UNLOCK TABLES;

--
-- Table structure for table `Site`
--

DROP TABLE IF EXISTS `Site`;
/*!40101 SET @saved_cs_client     = @@character_set_client */;
/*!40101 SET character_set_client = utf8 */;
CREATE TABLE `Site` (
  `Site_ID` int(10) NOT NULL AUTO_INCREMENT,
  `Site_Name` varchar(30) NOT NULL,
  `Group_Name` varchar(30) NOT NULL,
  `lon` double DEFAULT NULL,
  `lat` double DEFAULT NULL,
  `Archive` varchar(50) NOT NULL,
  `Region` varchar(200) DEFAULT NULL,
  `Country` varchar(100) DEFAULT NULL,
  `Altitude` double DEFAULT NULL,
  `Terrestrial` tinyint(1) NOT NULL,
  PRIMARY KEY (`Site_Name`),
  KEY `Sites_Index` (`Site_ID`)
) ENGINE=InnoDB AUTO_INCREMENT=4 DEFAULT CHARSET=latin1;
/*!40101 SET character_set_client = @saved_cs_client */;

--
-- Dumping data for table `Site`
--

LOCK TABLES `Site` WRITE;
/*!40000 ALTER TABLE `Site` DISABLE KEYS */;
INSERT INTO `Site` VALUES (1,'SWP-1-5','Seweweekspoort',21.4031499,-33.40917716,'Hyrax midden',NULL,'South Africa',1100,1),(2,'SWP-1-55','Seweweekspoort',21.4031499,-33.40917716,'Hyrax midden',NULL,'South Africa',1100,1);
/*!40000 ALTER TABLE `Site` ENABLE KEYS */;
UNLOCK TABLES;

--
-- Table structure for table `bio`
--

DROP TABLE IF EXISTS `bio`;
/*!40101 SET @saved_cs_client     = @@character_set_client */;
/*!40101 SET character_set_client = utf8 */;
CREATE TABLE `bio` (
  `lon` double NOT NULL DEFAULT '0',
  `lat` double NOT NULL DEFAULT '0',
  `Tmean_ann` double DEFAULT NULL,
  `Mean_Diurnal_Range` double DEFAULT NULL,
  `Isothermality` double DEFAULT NULL,
  `Temp_seasonality` double DEFAULT NULL,
  `Tmax_Warm_M` double DEFAULT NULL,
  `Tmin_Cold_M` double DEFAULT NULL,
  `Temp_ann_range` double DEFAULT NULL,
  `Tmean_Wet_Q` double DEFAULT NULL,
  `Tmean_Dry_Q` double DEFAULT NULL,
  `Tmean_Warm_Q` double DEFAULT NULL,
  `Tmean_Cold_Q` double DEFAULT NULL,
  `Prec_ann` double DEFAULT NULL,
  `Prec_Wet_M` double DEFAULT NULL,
  `Prec_Dry_M` double DEFAULT NULL,
  `Prec_seasonality` double DEFAULT NULL,
  `Prec_Wet_Q` double DEFAULT NULL,
  `Prec_Dry_Q` double DEFAULT NULL,
  `Prec_Warm_Q` double DEFAULT NULL,
  `Prec_Cold_Q` double DEFAULT NULL,
  `SWC_Winter` double DEFAULT NULL,
  `SWC_Summer` double DEFAULT NULL,
  `Aridity` double DEFAULT NULL,
  `WRZ_percent` double DEFAULT NULL,
  `Frost_days` double DEFAULT NULL,
  `Wet_days` double DEFAULT NULL,
  `Wet_days_DJF` double DEFAULT NULL,
  `Wet_days_JJA` double DEFAULT NULL,
  `Prec_Dry_S` double DEFAULT NULL,
  `Prec_Wet_S` double DEFAULT NULL,
  `Peff_Wet_Q` double DEFAULT NULL,
  `Peff_Wet_S` double DEFAULT NULL,
  `Peff_Dry_Q` double DEFAULT NULL,
  `Peff_Dry_S` double DEFAULT NULL,
  PRIMARY KEY (`lon`,`lat`),
  KEY `lo_la_bio_Index` (`lon`,`lat`)
) ENGINE=MyISAM DEFAULT CHARSET=latin1;
/*!40101 SET character_set_client = @saved_cs_client */;

--
-- Dumping data for table `bio`
--

LOCK TABLES `bio` WRITE;
/*!40000 ALTER TABLE `bio` DISABLE KEYS */;
/*!40000 ALTER TABLE `bio` ENABLE KEYS */;
UNLOCK TABLES;

--
-- Table structure for table `distrib`
--

DROP TABLE IF EXISTS `distrib`;
/*!40101 SET @saved_cs_client     = @@character_set_client */;
/*!40101 SET character_set_client = utf8 */;
CREATE TABLE `distrib` (
  `CODE` varchar(20) NOT NULL DEFAULT '0.0',
  `GENNO` int(11) NOT NULL DEFAULT '0',
  `SPNO` int(11) NOT NULL DEFAULT '0',
  `lon` double NOT NULL DEFAULT '0',
  `lat` double NOT NULL DEFAULT '0',
  PRIMARY KEY (`CODE`,`lon`,`lat`),
  KEY `CODE_lo_la_Index` (`CODE`,`lon`,`lat`)
) ENGINE=MyISAM DEFAULT CHARSET=latin1;
/*!40101 SET character_set_client = @saved_cs_client */;

--
-- Dumping data for table `distrib`
--

LOCK TABLES `distrib` WRITE;
/*!40000 ALTER TABLE `distrib` DISABLE KEYS */;
/*!40000 ALTER TABLE `distrib` ENABLE KEYS */;
UNLOCK TABLES;

--
-- Table structure for table `encompte`
--

DROP TABLE IF EXISTS `encompte`;
/*!40101 SET @saved_cs_client     = @@character_set_client */;
/*!40101 SET character_set_client = utf8 */;
CREATE TABLE `encompte` (
  `POLTYPE` varchar(150) NOT NULL,
  `Tmean_ann` double DEFAULT NULL,
  `Mean_Diurnal_Range` double DEFAULT NULL,
  `Isothermality` double DEFAULT NULL,
  `Temp_seasonality` double DEFAULT NULL,
  `Tmax_Warm_M` double DEFAULT NULL,
  `Tmin_Cold_M` double DEFAULT NULL,
  `Temp_ann_range` double DEFAULT NULL,
  `Tmean_Wet_Q` double DEFAULT NULL,
  `Tmean_Dry_Q` double DEFAULT NULL,
  `Tmean_Warm_Q` double DEFAULT NULL,
  `Tmean_Cold_Q` double DEFAULT NULL,
  `Prec_ann` double DEFAULT NULL,
  `Prec_Wet_M` double DEFAULT NULL,
  `Prec_Dry_M` double DEFAULT NULL,
  `Prec_seasonality` double DEFAULT NULL,
  `Prec_Wet_Q` double DEFAULT NULL,
  `Prec_Dry_Q` double DEFAULT NULL,
  `Prec_Warm_Q` double DEFAULT NULL,
  `Prec_Cold_Q` double DEFAULT NULL,
  `SWC_Winter` double DEFAULT NULL,
  `SWC_Summer` double DEFAULT NULL,
  `Aridity` double DEFAULT NULL,
  `WRZ_percent` double DEFAULT NULL,
  `Frost_days` double DEFAULT NULL,
  `Wet_days` double DEFAULT NULL,
  `Wet_days_DJF` double DEFAULT NULL,
  `Wet_days_JJA` double DEFAULT NULL,
  `Prec_Dry_S` double DEFAULT NULL,
  `Prec_Wet_S` double DEFAULT NULL,
  `Peff_Wet_Q` double DEFAULT NULL,
  `Peff_Wet_S` double DEFAULT NULL,
  `Peff_Dry_Q` double DEFAULT NULL,
  `Peff_Dry_S` double DEFAULT NULL,
  PRIMARY KEY (`POLTYPE`),
  KEY `lo_la_bio_Index` (`POLTYPE`)
) ENGINE=MyISAM DEFAULT CHARSET=latin1;
/*!40101 SET character_set_client = @saved_cs_client */;

--
-- Dumping data for table `encompte`
--

LOCK TABLES `encompte` WRITE;
/*!40000 ALTER TABLE `encompte` DISABLE KEYS */;
/*!40000 ALTER TABLE `encompte` ENABLE KEYS */;
UNLOCK TABLES;

--
-- Table structure for table `pet`
--

DROP TABLE IF EXISTS `pet`;
/*!40101 SET @saved_cs_client     = @@character_set_client */;
/*!40101 SET character_set_client = utf8 */;
CREATE TABLE `pet` (
  `lon` double NOT NULL DEFAULT '0',
  `lat` double NOT NULL DEFAULT '0',
  `jan` double DEFAULT NULL,
  `feb` double DEFAULT NULL,
  `mar` double DEFAULT NULL,
  `apr` double DEFAULT NULL,
  `may` double DEFAULT NULL,
  `jun` double DEFAULT NULL,
  `jul` double DEFAULT NULL,
  `aug` double DEFAULT NULL,
  `sep` double DEFAULT NULL,
  `oct` double DEFAULT NULL,
  `nov` double DEFAULT NULL,
  `dcm` double DEFAULT NULL,
  PRIMARY KEY (`lon`,`lat`),
  KEY `lo_la_pet_Index` (`lon`,`lat`)
) ENGINE=MyISAM DEFAULT CHARSET=latin1;
/*!40101 SET character_set_client = @saved_cs_client */;

--
-- Dumping data for table `pet`
--

LOCK TABLES `pet` WRITE;
/*!40000 ALTER TABLE `pet` DISABLE KEYS */;
/*!40000 ALTER TABLE `pet` ENABLE KEYS */;
UNLOCK TABLES;

--
-- Table structure for table `precip`
--

DROP TABLE IF EXISTS `precip`;
/*!40101 SET @saved_cs_client     = @@character_set_client */;
/*!40101 SET character_set_client = utf8 */;
CREATE TABLE `precip` (
  `lon` double NOT NULL DEFAULT '0',
  `lat` double NOT NULL DEFAULT '0',
  `jan` double DEFAULT NULL,
  `feb` double DEFAULT NULL,
  `mar` double DEFAULT NULL,
  `apr` double DEFAULT NULL,
  `may` double DEFAULT NULL,
  `jun` double DEFAULT NULL,
  `jul` double DEFAULT NULL,
  `aug` double DEFAULT NULL,
  `sep` double DEFAULT NULL,
  `oct` double DEFAULT NULL,
  `nov` double DEFAULT NULL,
  `dcm` double DEFAULT NULL,
  PRIMARY KEY (`lon`,`lat`),
  KEY `lo_la_precip_Index` (`lon`,`lat`)
) ENGINE=MyISAM DEFAULT CHARSET=latin1;
/*!40101 SET character_set_client = @saved_cs_client */;

--
-- Dumping data for table `precip`
--

LOCK TABLES `precip` WRITE;
/*!40000 ALTER TABLE `precip` DISABLE KEYS */;
/*!40000 ALTER TABLE `precip` ENABLE KEYS */;
UNLOCK TABLES;

--
-- Table structure for table `taxalist`
--

DROP TABLE IF EXISTS `taxalist`;
/*!40101 SET @saved_cs_client     = @@character_set_client */;
/*!40101 SET character_set_client = utf8 */;
CREATE TABLE `taxalist` (
  `CODE` varchar(20) NOT NULL DEFAULT '-1/-1',
  `GENNO` int(11) NOT NULL DEFAULT '0',
  `SPNO` int(11) NOT NULL DEFAULT '0',
  `FAMNAME` varchar(100) DEFAULT NULL,
  `GENNAME` varchar(100) DEFAULT NULL,
  `SPNAME` varchar(150) DEFAULT NULL,
  `TAXNAME` varchar(150) DEFAULT NULL,
  `POLTYPE` varchar(150) DEFAULT NULL,
  `NB_OCCURENCES` int(11) DEFAULT NULL,
  PRIMARY KEY (`CODE`),
  KEY `CODE_Index` (`CODE`)
) ENGINE=MyISAM DEFAULT CHARSET=latin1;
/*!40101 SET character_set_client = @saved_cs_client */;

--
-- Dumping data for table `taxalist`
--

LOCK TABLES `taxalist` WRITE;
/*!40000 ALTER TABLE `taxalist` DISABLE KEYS */;
/*!40000 ALTER TABLE `taxalist` ENABLE KEYS */;
UNLOCK TABLES;

--
-- Table structure for table `tmpr_max`
--

DROP TABLE IF EXISTS `tmpr_max`;
/*!40101 SET @saved_cs_client     = @@character_set_client */;
/*!40101 SET character_set_client = utf8 */;
CREATE TABLE `tmpr_max` (
  `lon` double NOT NULL DEFAULT '0',
  `lat` double NOT NULL DEFAULT '0',
  `jan` double DEFAULT NULL,
  `feb` double DEFAULT NULL,
  `mar` double DEFAULT NULL,
  `apr` double DEFAULT NULL,
  `may` double DEFAULT NULL,
  `jun` double DEFAULT NULL,
  `jul` double DEFAULT NULL,
  `aug` double DEFAULT NULL,
  `sep` double DEFAULT NULL,
  `oct` double DEFAULT NULL,
  `nov` double DEFAULT NULL,
  `dcm` double DEFAULT NULL,
  PRIMARY KEY (`lon`,`lat`),
  KEY `lo_la_tmpr_max_Index` (`lon`,`lat`)
) ENGINE=MyISAM DEFAULT CHARSET=latin1;
/*!40101 SET character_set_client = @saved_cs_client */;

--
-- Dumping data for table `tmpr_max`
--

LOCK TABLES `tmpr_max` WRITE;
/*!40000 ALTER TABLE `tmpr_max` DISABLE KEYS */;
/*!40000 ALTER TABLE `tmpr_max` ENABLE KEYS */;
UNLOCK TABLES;

--
-- Table structure for table `tmpr_mean`
--

DROP TABLE IF EXISTS `tmpr_mean`;
/*!40101 SET @saved_cs_client     = @@character_set_client */;
/*!40101 SET character_set_client = utf8 */;
CREATE TABLE `tmpr_mean` (
  `lon` double NOT NULL DEFAULT '0',
  `lat` double NOT NULL DEFAULT '0',
  `jan` double DEFAULT NULL,
  `feb` double DEFAULT NULL,
  `mar` double DEFAULT NULL,
  `apr` double DEFAULT NULL,
  `may` double DEFAULT NULL,
  `jun` double DEFAULT NULL,
  `jul` double DEFAULT NULL,
  `aug` double DEFAULT NULL,
  `sep` double DEFAULT NULL,
  `oct` double DEFAULT NULL,
  `nov` double DEFAULT NULL,
  `dcm` double DEFAULT NULL,
  PRIMARY KEY (`lon`,`lat`),
  KEY `lo_la_tmpr_mean_Index` (`lon`,`lat`)
) ENGINE=MyISAM DEFAULT CHARSET=latin1;
/*!40101 SET character_set_client = @saved_cs_client */;

--
-- Dumping data for table `tmpr_mean`
--

LOCK TABLES `tmpr_mean` WRITE;
/*!40000 ALTER TABLE `tmpr_mean` DISABLE KEYS */;
/*!40000 ALTER TABLE `tmpr_mean` ENABLE KEYS */;
UNLOCK TABLES;

--
-- Table structure for table `tmpr_min`
--

DROP TABLE IF EXISTS `tmpr_min`;
/*!40101 SET @saved_cs_client     = @@character_set_client */;
/*!40101 SET character_set_client = utf8 */;
CREATE TABLE `tmpr_min` (
  `lon` double NOT NULL DEFAULT '0',
  `lat` double NOT NULL DEFAULT '0',
  `jan` double DEFAULT NULL,
  `feb` double DEFAULT NULL,
  `mar` double DEFAULT NULL,
  `apr` double DEFAULT NULL,
  `may` double DEFAULT NULL,
  `jun` double DEFAULT NULL,
  `jul` double DEFAULT NULL,
  `aug` double DEFAULT NULL,
  `sep` double DEFAULT NULL,
  `oct` double DEFAULT NULL,
  `nov` double DEFAULT NULL,
  `dcm` double DEFAULT NULL,
  PRIMARY KEY (`lon`,`lat`),
  KEY `lo_la_tmpr_min_Index` (`lon`,`lat`)
) ENGINE=MyISAM DEFAULT CHARSET=latin1;
/*!40101 SET character_set_client = @saved_cs_client */;

--
-- Dumping data for table `tmpr_min`
--

LOCK TABLES `tmpr_min` WRITE;
/*!40000 ALTER TABLE `tmpr_min` DISABLE KEYS */;
/*!40000 ALTER TABLE `tmpr_min` ENABLE KEYS */;
UNLOCK TABLES;
/*!40103 SET TIME_ZONE=@OLD_TIME_ZONE */;

/*!40101 SET SQL_MODE=@OLD_SQL_MODE */;
/*!40014 SET FOREIGN_KEY_CHECKS=@OLD_FOREIGN_KEY_CHECKS */;
/*!40014 SET UNIQUE_CHECKS=@OLD_UNIQUE_CHECKS */;
/*!40101 SET CHARACTER_SET_CLIENT=@OLD_CHARACTER_SET_CLIENT */;
/*!40101 SET CHARACTER_SET_RESULTS=@OLD_CHARACTER_SET_RESULTS */;
/*!40101 SET COLLATION_CONNECTION=@OLD_COLLATION_CONNECTION */;
/*!40111 SET SQL_NOTES=@OLD_SQL_NOTES */;

-- Dump completed on 2016-02-03 17:09:39
